engine_temp,vibration_level,battery_voltage,oil_pressure,mileage,obd_error_code,fault_label
80.6224598826486,0.5220675351957298,10.54338718720082,51.44837284993322,150054,P0562,Alternator or Battery Failure
107.7485321937632,1.2513149088343987,14.159127134828456,10.473767291080042,96674,None,Low Oil Pressure / Oil Leak
80.93062125434831,0.27115567887790976,10.57727803922503,44.150460622195524,194387,P0562,Alternator or Battery Failure
89.3460422740437,0.8077526830956525,12.9661693969158,36.15464318450235,81251,None,Normal
81.83406298518824,0.5602339188004279,13.013747244130599,51.8542380432111,66102,None,Normal
83.04083113529896,0.47859033903195863,12.836319920125819,36.77405067514111,28523,None,Normal
94.78946415878849,0.659265197173214,13.17981670411834,44.884248945006,166508,None,Normal
106.78580785924908,1.1206410463244598,13.323974814679984,37.4520994226356,105328,P0115,Overheating Engine
83.60270439640658,0.36748258225906977,12.69867889663536,47.72860499087273,142762,None,Normal
92.33637517025085,1.72393368412281,12.83229433576357,10.383969671467584,105289,None,Low Oil Pressure / Oil Leak
110.6173434376818,0.9020707810679567,13.7852250661337,10.053598169384095,148386,P0299,Low Oil Pressure / Oil Leak
93.00927954029848,0.856729484721608,13.846654744935393,35.16727363753714,47445,None,Normal
96.31119040556655,1.6637975978041804,12.74521250270375,15.137371014453993,75095,None,Low Oil Pressure / Oil Leak
86.39749620862791,0.8154207798208355,9.395779821467277,32.194705926454,46084,P0562,Alternator or Battery Failure
97.52109417961603,2.3957246632943514,12.247273459787229,31.232724677745615,79220,P0300,Engine Misfire
109.86081294017404,1.9526286957506118,13.189215885855633,14.08204805252216,237903,None,Low Oil Pressure / Oil Leak
86.97554501331365,0.42697853947152103,10.985372449525164,52.980200776343125,98991,P0562,Alternator or Battery Failure
94.48980199425385,0.46982072012821435,14.067593879342118,44.96511364526907,20026,None,Normal
96.8589024613093,0.23934354066850966,12.732008836619052,44.043980565668704,187105,None,Normal
88.2644436122887,1.180032575285477,13.435974378586453,41.57503220575016,128513,None,Normal
94.34437822270041,0.5766764404294624,10.014177586817206,31.560783181944508,112096,P0562,Alternator or Battery Failure
98.24464316659186,4.0598380073757525,12.589915105146225,37.89171202910165,48807,P0300,Engine Misfire
96.09378566622442,0.4299546058910862,12.904898937647658,35.62268165769023,132075,None,Normal
87.46323422708643,0.28534966807864387,14.3940610785073,45.043900206624855,121100,None,Normal
95.9588758743284,0.6497846488213226,12.869782772459454,42.355187017545795,85755,None,Normal
88.65602263885417,0.862434011701068,12.725154984836488,40.777698778183314,82578,None,Normal
104.26882764402815,1.810517051841123,12.278963958078872,18.165956885955033,160586,P0299,Low Oil Pressure / Oil Leak
94.13968574448776,0.5106377191615565,13.496551514326823,17.754398957486288,62253,P0299,Low Oil Pressure / Oil Leak
96.54363009471223,0.7412904402276468,13.540765355506453,17.0886813441795,53275,None,Low Oil Pressure / Oil Leak
84.48726012467975,0.6103829230356297,13.935547163231792,39.575963309832446,20011,None,Normal
92.18278337943312,1.0284692994491171,13.059776853057768,35.2863055533412,148884,None,Normal
97.88927100019457,1.080314762148927,13.684471320502936,46.387547223645655,126028,None,Normal
81.67584982050619,1.0972157579533268,14.210794308610328,47.66202914546536,71110,None,Normal
97.38479890075796,0.632497878330132,13.092450652861993,45.122837256804885,90704,None,Normal
95.03544492060628,0.5207800649717358,12.854385169759723,35.81550283109528,120224,None,Normal
84.55890290340886,0.20997877665844938,13.874542958474333,45.71313198695157,168042,None,Normal
91.83703206140618,0.7683086033354716,12.677982058873376,42.35431606118867,56714,None,Normal
85.51256517415901,0.8238958362916384,13.501378781432138,43.52166767780743,30488,None,Normal
87.01067410824356,0.5855119047369224,13.146735498083562,45.8281521469517,35058,None,Normal
85.50087587882386,1.0766507618282006,14.39303524149177,42.36619061013697,92479,None,Normal
88.16832986982013,0.3598797633664414,10.858991993086374,34.18916348261266,75164,P0562,Alternator or Battery Failure
81.0848130252121,1.1344360268055143,13.168083105755306,37.02841656898433,99744,None,Normal
82.57385027695105,0.9615106317174722,13.674614320300897,37.022453522455805,21400,None,Normal
93.98157028269752,3.7017940096565476,13.255995518254718,38.31066730435913,92572,P0300,Engine Misfire
84.8745139046655,0.4475597702798864,12.618799961911407,44.178810331936404,147883,None,Normal
89.68358272141143,0.2455851579486688,11.470330135629439,51.05413441625953,72288,P0562,Alternator or Battery Failure
90.49479992496093,1.810041676762157,12.131477003192446,18.385992804371526,102396,P0299,Low Oil Pressure / Oil Leak
96.63443054946953,4.1925027540720965,12.89411638046284,51.99594369853669,169197,None,Engine Misfire
81.36259509157617,0.5878260899169312,14.026721552978946,53.03548057092458,44677,None,Normal
102.98057348417254,1.733986202720641,12.029218647608877,14.92015298479726,131103,P0299,Low Oil Pressure / Oil Leak
94.4232609820635,0.6448524328275409,10.37371616107828,38.79124680854763,201005,P0562,Alternator or Battery Failure
89.99654391687736,0.9192017782722639,12.934064008529468,54.92667832113484,195084,None,Normal
107.03353244208674,1.1481009275999265,13.752059589763359,15.454148016201085,225050,P0299,Low Oil Pressure / Oil Leak
83.6236179408038,0.5951377432643186,12.574973112492708,44.510920749736535,110889,None,Normal
84.68284023731692,0.9308209649807297,14.36446447194477,40.13060124888496,132564,None,Normal
97.35341149682195,0.28928952452557294,13.805336606356162,44.87628080913858,80591,None,Normal
102.5762371209007,1.736775604699894,12.918958847340546,10.230850910261502,90206,None,Low Oil Pressure / Oil Leak
97.0057831378837,1.0496473906774115,12.969961393312076,44.01088270620187,30186,None,Normal
93.09937174752378,4.7968616331207015,12.12092587504761,44.46354545508829,38991,P0300,Engine Misfire
84.95518784213348,0.356206568686622,13.708286620970751,46.986042322788755,39974,None,Normal
83.09049033869809,0.700112752076627,13.282720380564793,52.41053932538769,128126,None,Normal
92.84029254592194,1.0952068376871993,13.472187140019766,45.64226970530631,25898,None,Normal
96.5958568766591,2.632909222328739,13.566884451389749,34.39725708546655,74138,P0300,Engine Misfire
84.81323650143574,0.21511068421447505,14.333529201963497,40.01786091382205,136825,None,Normal
101.02440322718999,0.8151766639103217,12.255929799693174,19.20116886418432,34835,None,Low Oil Pressure / Oil Leak
91.32917548643472,0.8957486889846171,13.36362802305877,47.55116160168127,118941,None,Normal
126.36082596883604,1.3958139498726987,13.811201067896066,36.68572077890035,190391,P0115,Overheating Engine
96.75363186086416,1.0584127518430118,13.315088652012536,50.017421355829946,152135,None,Normal
86.11667051609244,1.0863803619601418,9.31327208407371,54.03541549105124,152624,P0562,Alternator or Battery Failure
94.45059682684101,1.1609201469288246,13.518276649819025,44.769912653198105,83368,None,Normal
80.21878054441669,1.169878826707639,12.582003832706095,52.82286227396142,107901,None,Normal
106.14532078375338,0.7521771463965876,13.126973240527773,14.373748079212449,167520,None,Low Oil Pressure / Oil Leak
87.14461897162873,0.33271575404306036,13.578327611696961,48.78929938274531,161114,None,Normal
95.63242356616243,0.6874311982495136,14.199649231098775,50.99710511894631,87916,None,Normal
114.47810058216702,0.8942716581040678,14.051620732522487,23.559312972247408,225093,P0115,Overheating Engine
86.8603481852535,2.5740567124926574,12.230252968762258,40.57358859353894,202983,P0300,Engine Misfire
83.93688103396269,0.795303265927489,13.002806551158178,48.23937889587737,163913,None,Normal
87.74550610819033,0.40052472670033673,13.434029638808731,36.28417874150268,118484,None,Normal
96.20149729429666,0.3161389602005256,14.316245775015107,41.279334347547056,178238,None,Normal
91.94608097652767,1.136829739324758,13.891886984699475,39.29880757181513,11080,None,Normal
91.72065652787013,0.8209285674784312,13.169512398558343,51.8289510616952,96900,None,Normal
88.57404319941978,0.6975398521461023,12.888892207208839,46.82260606517033,41296,None,Normal
87.29184850149619,1.1061110021324971,13.110841832370976,44.528739726875834,49075,None,Normal
94.00445437660376,0.9608513309307818,12.85667257081528,36.767698939690376,141295,None,Normal
83.34982552123299,1.0026433097957104,13.370555084801996,44.65937744170711,31028,None,Normal
87.67694503149585,1.4344310662750726,12.983123229440965,17.279849715709368,78503,P0299,Low Oil Pressure / Oil Leak
89.87154493388412,0.26646332577627213,13.95637859411191,46.67427175462728,157482,None,Normal
87.79068803977044,0.24389994264300513,12.814924581658296,43.910832774837814,45791,None,Normal
93.77923218183997,0.3589081676693536,13.65942778400752,37.707081645553714,151518,None,Normal
92.68197970449401,0.6227286368939322,13.158395919110164,42.95224757105741,56533,None,Normal
83.78259316243295,0.6467264687026406,9.496279677944852,35.14950089692404,10198,P0562,Alternator or Battery Failure
91.7163272928307,3.7991813604382147,14.0391966367209,54.05146247353379,137060,P0300,Engine Misfire
85.16137426774164,0.7205438373048585,10.257595720218305,51.997865668175365,116159,P0562,Alternator or Battery Failure
90.19125244205128,0.5127779892103541,13.743249810436168,39.640363606176216,7804,None,Normal
80.6050448032991,0.26265320345535453,14.222231161354381,37.78490742235191,108822,None,Normal
111.68600530148242,1.197916296913885,12.128123227804606,12.12274321814985,125935,P0299,Low Oil Pressure / Oil Leak
95.97097023602173,1.8898780748275716,13.562927993027305,13.689236247929188,143799,P0299,Low Oil Pressure / Oil Leak
80.36128155999907,0.5220791655831782,12.901751213293435,41.54994704355829,28353,None,Normal
89.54543839848485,0.24195122343163628,14.34012867742933,50.97428383309149,62100,None,Normal
90.06519470799364,0.8970241660042995,10.071158816969291,51.98198890392517,162328,P0562,Alternator or Battery Failure
97.94684268746182,2.5337098091982067,13.430411766180438,54.562064515031196,229718,P0300,Engine Misfire
127.75830759484121,0.5335004783936564,13.327763374302465,39.78517944953981,169810,P0115,Overheating Engine
119.20583672019615,0.5798801771700237,13.790191356188899,48.215118586382076,160972,None,Overheating Engine
86.0163900347053,0.970912203745822,12.702536680954166,36.50275563471617,146996,None,Normal
82.4559155460212,0.8951445540475937,13.268205659398156,43.5639922985123,144931,None,Normal
96.2208441888378,0.24544638034145788,13.033830060225238,54.008229681531176,178601,None,Normal
84.35699488720701,0.8721355474058785,13.947077269124563,39.752750879847994,147002,None,Normal
83.13859572208985,0.8909377381024659,13.234797157971022,53.73459977473469,31816,None,Normal
106.17060056376047,1.0092651857309618,12.357853793232067,42.03097029476655,61986,P0115,Overheating Engine
94.74314324950981,0.7407937549855443,13.849461317384293,41.287002263674964,96877,None,Normal
96.15377382370906,2.34198678835502,14.138059662916065,42.81538110258,86901,P0300,Engine Misfire
85.20150479126492,1.1340299294861387,13.579749954641894,13.926937019674359,191088,P0299,Low Oil Pressure / Oil Leak
96.09369744559851,1.1464565131504054,14.195860632224303,43.38895987914627,157171,None,Normal
81.19816510245602,0.8483180074520955,12.640800302892247,42.50937856933001,161743,None,Normal
84.74151967320456,0.25574085358744175,10.66355062771548,36.02009540182933,91229,P0562,Alternator or Battery Failure
80.13613174960656,0.8474747141546031,14.206258043004976,39.86964593152599,185771,None,Normal
88.1857581659479,0.8747863021674105,13.787310066379002,42.46245236844767,188629,None,Normal
107.57986545376642,0.823194360913595,12.26506000936463,18.015371718979257,64454,None,Low Oil Pressure / Oil Leak
83.58185850126986,0.6183338641022802,13.926785616890305,37.027457951063184,59181,None,Normal
82.30160242200351,0.9655467505158608,12.500022106035196,43.33131656964584,106889,None,Normal
95.68766251074277,1.1734889691773969,14.340867925042815,49.9930366348585,30366,None,Normal
82.10416473275055,1.1398321236134752,13.692645300835695,41.69811229314172,32158,None,Normal
94.70729727708704,0.45790282704493984,12.824686416041125,48.372864398488616,186228,None,Normal
81.90196431671139,0.8408263146902062,12.91047254676824,47.391759097956594,131789,None,Normal
87.00614849045219,0.428875462483499,13.634018566086743,53.56364196227903,186182,None,Normal
85.96816458320949,1.055030201619935,12.893444037500625,36.423165703468655,18456,None,Normal
102.20715822652664,0.6060449122765492,12.795388413078504,14.847994662811924,249169,P0299,Low Oil Pressure / Oil Leak
86.6334741870277,1.0643582498396371,13.39909882271396,54.363868558294435,41177,None,Normal
80.56572534236122,0.8364104112637805,13.09727636404502,45.17141382329406,181975,None,Normal
83.22856427621979,1.170676545409744,12.715276658982182,43.072020047231824,148887,None,Normal
95.30334056773178,4.774741443520847,13.344951643744997,39.27434281480423,197594,P0300,Engine Misfire
81.85622963904679,1.1025529066795667,13.459979507650928,51.52914932215484,67409,None,Normal
96.58626805576921,4.511401588118131,13.252470965706845,45.793060458164604,139312,P0300,Engine Misfire
93.54889951203754,0.3586051052930737,14.173654442477964,52.436870554904644,10703,None,Normal
90.07352596354792,0.3552402459307125,12.845663447941016,52.235712420270346,189492,None,Normal
96.70973412657906,0.6281841483173143,14.336644156182972,54.272399541785056,171336,None,Normal
95.92952722050752,2.437518431081245,13.664622408575276,44.5608769222074,62915,P0300,Engine Misfire
120.30885765386036,0.8033326694441246,13.375726373899798,42.41234801387087,64210,P0115,Overheating Engine
82.68547456162376,0.9975140452964859,10.826109932441062,43.67322189963692,109768,None,Alternator or Battery Failure
94.46486363794763,0.7052067735766383,14.337540568992424,43.35521958550199,196901,None,Normal
121.11495717119072,0.6450708999444217,13.338302900017098,28.431492505006673,54036,P0115,Overheating Engine
86.22718480989118,0.622192233880678,11.084153410511433,34.89281600249123,182253,P0562,Alternator or Battery Failure
123.03614440557385,1.0097216499759445,13.651693228264321,23.76458890397452,188873,P0115,Overheating Engine
104.67423166418304,2.3304559108319327,12.212728031532647,48.011418536568904,84819,P0300,Engine Misfire
94.15421025947994,0.2894110023122595,13.293403473991365,52.58236615124329,189222,None,Normal
93.9165537305361,0.7179605277125789,13.161381627019747,42.434785898126606,5263,None,Normal
81.52217680575028,0.8068469555401392,14.17384871071535,52.65829633037444,133513,None,Normal
93.02156204639454,0.6958757350787708,12.653987810224532,39.403664038996226,138235,None,Normal
89.10724233922878,0.42085278296300893,12.573966930318768,35.72037636582853,39168,None,Normal
83.56575738967533,0.7653302545716099,13.38147172470784,54.44010659263074,123662,None,Normal
83.81680711834808,0.8109809888509918,13.280954092632738,51.797226057334406,180504,None,Normal
81.96675578557318,1.053961966955422,13.334384651604122,51.93937708414121,179152,None,Normal
105.58585287151209,1.022635381954713,13.603666240231345,43.39462652030204,41599,P0115,Overheating Engine
102.20986699264898,1.7027388498132727,13.026024107910006,13.116660831950428,53848,None,Low Oil Pressure / Oil Leak
101.21367140675184,4.66576083725119,12.200916615533826,34.03619215082303,240971,P0300,Engine Misfire
84.8644584583541,1.1664173858664073,13.559646769875084,41.94554078061015,118191,None,Normal
81.2073765929917,0.9499604703991777,12.898820626881612,52.96108578881427,45002,None,Normal
107.31309692365905,1.2383665865109048,12.651986749729234,48.14947185953948,199216,None,Overheating Engine
81.15137092833108,0.20418744362795788,10.809042401112603,46.04548792003588,96265,P0562,Alternator or Battery Failure
84.45212568474349,0.8406151835488873,13.766540910188576,38.25399487617132,115191,None,Normal
85.85329979648145,0.929606178338064,13.711359195574905,52.744254851526534,97081,None,Normal
84.39181358082351,1.1730105547524456,13.246885676866844,52.84093110354227,128072,None,Normal
109.83439943804478,0.6422737898797342,13.197077204318822,16.905095212183184,196523,None,Low Oil Pressure / Oil Leak
88.82000695144443,0.5531028889383895,11.11948007466988,43.86717561970918,183445,P0562,Alternator or Battery Failure
82.21257221237698,1.0886590802653986,13.455859506481689,43.98699484079284,119243,None,Normal
91.27196578936548,0.3312448776823876,12.56179974103338,53.41695695631374,125246,None,Normal
85.49559218054117,0.41264437637109613,12.56305977366861,41.07892802481447,132366,None,Normal
92.01668094014452,1.0078459419412586,13.948341756075571,50.95627297717269,89938,None,Normal
92.7628327110038,0.30687692309474385,13.577893217294918,40.13125567402727,192770,None,Normal
81.44206723492415,1.0948166560605277,13.5404255146921,51.345955399249874,93202,None,Normal
96.57570320957264,0.26107795985486376,13.026067531479686,51.12402559586123,150910,None,Normal
92.87510283130814,3.781349579592761,12.978061702352742,48.55924842724455,72516,P0300,Engine Misfire
89.3188095809248,0.28786649914483337,13.166191169297443,35.66406217582733,20322,None,Normal
91.60541447438274,0.42982672579761844,13.55005830877582,42.44346510493794,134025,None,Normal
97.65777280692834,0.6834074359731466,14.140740292777636,46.774630442626396,78189,None,Normal
102.15715567034978,2.992748123401165,12.42388807227074,33.22678117327204,88507,None,Engine Misfire
120.23276030256726,0.8280055051905932,12.677095991644928,38.409137089681515,217035,P0115,Overheating Engine
123.67146402431882,1.182156328959862,13.705536914036887,27.032768000345442,92643,P0115,Overheating Engine
81.64794670611174,1.0836839676879897,10.023031190622069,47.0967531227258,15323,P0562,Alternator or Battery Failure
88.84908575210298,0.6734717707805657,12.82908355282903,43.677032984759464,82708,None,Normal
83.17750457609915,0.42048620907017537,12.854232698074084,50.591689471335066,73274,None,Normal
89.34347213245192,0.6791818776297309,12.548719925032227,41.824956552523126,79138,None,Normal
86.31281267813078,0.967188288931127,13.26366873585756,44.59751240607818,127363,None,Normal
88.53585589983435,1.0620426509893135,14.104643857216633,41.382009464865114,166638,None,Normal
94.13316730507424,0.39967378215835975,13.477045432985863,46.84829137724085,14057,None,Normal
86.2857723430279,0.9259556788702394,14.204509493909896,52.741728485302346,157075,None,Normal
121.28741160107847,1.5718129728859138,12.322159764526196,44.987891467226845,136566,P0115,Overheating Engine
86.87777843280523,0.7645906389334636,10.791265288935554,46.97666511239093,205665,None,Alternator or Battery Failure
80.10473392820522,0.6034809690269995,9.76341061213993,50.47173176301179,80839,None,Alternator or Battery Failure
91.99493744440771,1.1660475051286772,13.945971801476489,54.01545415462676,141995,None,Normal
86.94975600405007,1.5266530416039612,13.107084912688995,17.15148849861264,136763,P0299,Low Oil Pressure / Oil Leak
90.21698491924178,2.2236262908731628,13.426254560057362,42.777345536809946,122469,None,Engine Misfire
91.01335210500284,0.33949386065204185,13.055074832216915,42.327236865873836,93933,None,Normal
86.59630762768516,0.5961726916092553,13.821387692710738,42.771162025406916,92495,None,Normal
95.08235074733247,1.0587642793494723,13.921876121964907,43.784212024994346,124056,None,Normal
117.09798916889059,1.1503620957700884,12.152666988989203,22.69630555208482,150205,P0115,Overheating Engine
96.45540553373891,4.330688782003736,12.718825559250993,38.740359970193055,157159,P0300,Engine Misfire
80.56855060686155,1.1362122462436899,12.598745438937797,45.825926706021406,143266,None,Normal
89.65717113752189,3.4792044965234155,12.68251762423835,34.54408994402986,135950,P0300,Engine Misfire
82.49382995524552,0.5797374048216488,10.68126614508072,54.24547161584462,162802,None,Alternator or Battery Failure
81.52625628882446,0.9163233880626822,12.63696023839748,36.42513455530517,7361,None,Normal
86.71956769303556,0.4707446731435538,13.72359913215413,43.17468342196193,9950,None,Normal
81.7228619993629,0.2236385860463364,13.719745850842205,47.141880721775614,111605,None,Normal
88.54335576349665,1.0441704489691972,14.0307732906051,46.70708728793504,174312,None,Normal
85.15735188068821,1.0026403123529297,14.394752009816845,35.60052010658786,179986,None,Normal
82.17005149526642,1.1024533072858418,12.626243304275972,45.67934945095527,32716,None,Normal
94.5511522660963,0.5046137691733708,12.685577016612129,48.684660530243136,90829,None,Normal
97.93083812297802,1.025415664123948,14.105255560734935,39.9801747221818,117456,None,Normal
81.88874321152714,0.4420450158625275,14.374658927207578,37.84991085803026,102283,None,Normal
98.99586751005366,0.6093476778074824,13.379032389713148,12.031989070128102,206812,None,Low Oil Pressure / Oil Leak
89.9668067364442,0.7417048124100041,13.947613443949253,51.672999238751714,90886,None,Normal
94.86470151016573,0.3288698674734452,13.13672582309237,49.87016512583216,36348,None,Normal
95.31108904114048,0.7612227882825249,13.494442731611297,37.295377437384346,172727,None,Normal
104.7624815190927,3.461599184989926,12.394160620238331,52.278502294837736,125881,P0300,Engine Misfire
84.9329939723697,0.7541780025157934,13.737698737868541,51.594836074144034,45252,None,Normal
94.46848802870255,0.3371484881527432,13.603328260653141,45.110175207797276,33095,None,Normal
96.06809079938554,1.017443561738441,13.149452968225965,40.18846866862585,79040,None,Normal
93.63879041655488,0.5702321856845767,11.00306941849704,52.42488223411028,187686,P0562,Alternator or Battery Failure
89.9154326709645,0.28698675991141015,13.276061104834328,42.45377034024628,55651,None,Normal
87.51339805667803,0.42210781047073026,12.727744197933998,41.75230342807256,188867,None,Normal
125.38907120329597,1.6819278432696614,12.69053176833306,40.73167438217786,76117,P0115,Overheating Engine
81.64847731987942,1.1173135754622427,12.759955398746026,54.00474707641605,91971,None,Normal
104.42203494444117,1.4964855110881152,13.544636399050344,29.94056656208951,167024,P0115,Overheating Engine
90.27102958993555,2.9257392240131015,14.047478962237275,30.616110115908068,180238,P0300,Engine Misfire
82.73787709800091,0.640323418368349,13.669066247632625,36.66928169978767,177071,None,Normal
96.02464495432044,0.27940658464302953,13.889843331646688,38.74823888195164,172344,None,Normal
82.80790136605165,0.25808361216819947,14.145734676972378,47.022300234864176,143074,None,Normal
99.77092106793927,2.3658658462593545,12.851890910662455,37.06913642650247,90032,None,Engine Misfire
89.34307623634886,0.2676125635922149,14.020677364862488,39.67424163820866,110302,None,Normal
94.91990058588698,0.6308875236618059,12.972557117916496,47.3428997320806,142821,None,Normal
81.09102421668003,0.480600813237916,10.039850848569714,49.560645305319696,218428,P0562,Alternator or Battery Failure
82.57115536665798,0.8920736470243689,12.89187901628869,42.83718746376052,179656,None,Normal
127.75272115217165,0.9054432664928428,12.747938100345145,22.368182088396665,114629,P0115,Overheating Engine
105.08812286700046,0.7744637253254487,13.655430342690288,21.538815469436468,125820,P0115,Overheating Engine
114.70172635585726,1.1061892368217645,13.67326641340162,24.634766120147773,124634,P0115,Overheating Engine
85.36493975550998,0.3053649222508565,13.985465340355377,47.88298442951832,14396,None,Normal
84.2704835749424,0.5253996981592677,13.918333669724246,47.992657980944294,170598,None,Normal
92.99727688764926,1.0861957804650746,13.62678423495489,42.830513963556584,85461,None,Normal
89.63558236614665,0.4152018720172375,12.523029471823397,39.82402915199083,195295,None,Normal
89.55687821141768,0.7951316749056816,12.518855260142887,44.28190318907008,192882,None,Normal
106.13893758495445,1.1639822723906497,13.067586833153767,17.279094067485367,114119,P0299,Low Oil Pressure / Oil Leak
97.06426124199008,2.407259190286941,13.502851428590702,53.31416771764903,152403,P0300,Engine Misfire
83.6959928967224,0.6830396975588899,13.010214136528454,40.749233297945004,133067,None,Normal
82.54830609828586,0.3269444137549727,9.495881070317472,42.96404221664335,61627,P0562,Alternator or Battery Failure
88.5313095247317,0.8675577385210271,12.827407755283097,38.845780376173416,12969,None,Normal
96.87011277025613,0.8878857223008134,12.628890412299826,41.01927133893633,143093,None,Normal
98.82639157086393,1.9110352815848477,12.105119002299093,13.022309750707453,218445,P0299,Low Oil Pressure / Oil Leak
93.95949710051019,0.6532888347480277,13.496341511722402,43.81525493876456,83148,None,Normal
81.45082724762824,0.9279393069737651,13.44327618947507,43.73701405230359,147254,None,Normal
90.89127277225776,0.32130299800553414,9.926660307852721,43.31177269709744,128527,P0562,Alternator or Battery Failure
101.68649591498797,3.7011188431711357,13.422096225501795,41.459086985657656,141602,P0300,Engine Misfire
85.44199848832689,0.4593348973170945,12.869785289739257,36.1529516439805,71777,None,Normal
97.19207373125063,0.7225765993367452,13.06917478811236,36.53724150552327,102621,None,Normal
96.18436263536915,3.5383297037676273,12.219075369788063,30.400703911378077,241647,P0300,Engine Misfire
93.61908304022708,1.8588675068519713,12.278601676140424,11.285197892725988,138466,P0299,Low Oil Pressure / Oil Leak
121.87834043612989,1.2626110937687614,13.822565076065779,22.4056027043634,122288,P0115,Overheating Engine
117.4214345283175,1.1031762076169538,12.261160010120046,49.417046811821706,63306,P0115,Overheating Engine
123.97950987450747,0.7088834601253987,12.05493765665751,33.47116303790378,68432,P0115,Overheating Engine
81.59480773423311,0.42061195271121127,13.636628058721104,49.713262284783795,199677,None,Normal
100.02846635062605,4.647469421245944,13.488557913815514,39.085098299985674,235781,P0300,Engine Misfire
85.35473644202996,0.8347441411040295,9.647407531649538,48.73423591612392,124596,P0562,Alternator or Battery Failure
96.42398367925827,4.4449221022523995,12.306790519651353,44.230161578235695,219635,P0300,Engine Misfire
91.24610953020924,0.27177580622651304,13.796972720324465,39.838633606310594,144220,None,Normal
95.89602170552197,2.5266730802720163,12.637401564224072,35.9687942771506,69114,P0300,Engine Misfire
121.84670206774783,1.2512584465023149,13.989591504986485,44.52223541918328,185335,P0115,Overheating Engine
96.42254022110043,0.4106621890056666,13.683636508770618,47.63120440185041,147957,None,Normal
88.30207664314774,0.7702869387313904,9.704257262989644,48.55678480630717,15291,P0562,Alternator or Battery Failure
86.01428819768748,1.5757721705701364,13.183808261066444,14.587059842162667,83487,None,Low Oil Pressure / Oil Leak
96.87298519694814,0.24317373579701168,12.813148149885931,37.63457546909124,146566,None,Normal
88.3332435482843,0.4913610728377445,10.201747477589954,39.421672008679714,193940,None,Alternator or Battery Failure
111.43157860807587,1.2528042965367556,13.000905135401021,17.034756054464808,59143,None,Low Oil Pressure / Oil Leak
83.97385303019769,0.2823810456158427,13.792948673941956,48.0902242856227,58285,None,Normal
86.63208055849842,1.0953460891531692,13.766279790300988,50.74774053504666,93597,None,Normal
94.6322181643414,1.1997176732861305,14.39360999044042,46.10863411205255,154952,None,Normal
99.36028356254003,3.1673132763117393,12.203388937481547,41.44750737817679,110730,None,Engine Misfire
94.46265674692728,0.4820345725713065,12.837135133181473,50.012295032817164,162332,None,Normal
97.82909255601211,0.6126176769114264,13.206834363006289,50.528259214839935,71456,None,Normal
84.33246881298508,0.3215013763009181,12.87519393073388,52.73849800418539,130933,None,Normal
90.47957743869405,0.5711724234376276,13.642040916920443,49.11171725287649,139238,None,Normal
85.35123422553201,0.29206698608247544,13.638184715585725,47.47297556580532,131458,None,Normal
81.12423668514329,1.0834647629860608,13.351806205201902,45.20864978008464,127185,None,Normal
94.39686530607275,0.24869484839992978,9.435218443473778,31.101646539259534,48908,P0562,Alternator or Battery Failure
88.4057167664361,1.294300422533686,12.591495398953814,9.710369024604686,189024,P0299,Low Oil Pressure / Oil Leak
84.21566067667402,0.41955392322980195,14.323739325155564,47.326009718514484,113591,None,Normal
94.89534059791346,0.9645277946547177,13.58970500776559,54.12094287223866,44092,None,Normal
94.28093669958504,0.9379277689988004,10.633830182176208,52.02237901361882,20417,P0562,Alternator or Battery Failure
83.68971731748478,0.4931477302610133,14.203038055190127,35.260038470214724,21674,None,Normal
113.4298354641144,0.7082932812694582,12.376060085325866,32.54434364488399,185388,None,Overheating Engine
82.50554062422252,0.6440437492022029,13.689845210700021,44.77795663584903,83346,None,Normal
85.90302728824584,3.338539706571572,13.856785638272454,36.560209412232545,116993,P0300,Engine Misfire
97.63946592845932,0.8018815896363221,13.606603050593769,49.96146358859065,163295,None,Normal
125.93170166444202,1.028567698567314,12.31521920914581,41.44156500506108,81004,P0115,Overheating Engine
90.8023619139641,0.48722120920515083,11.311405765506425,31.23052286351904,58526,None,Alternator or Battery Failure
91.10468453076336,1.1811861780274235,13.70044570133167,40.196071621283195,128631,None,Normal
102.48844146935653,0.5439491646551275,13.359826524235732,14.595088732242019,150064,P0299,Low Oil Pressure / Oil Leak
89.89151988182724,0.641530501373377,14.18663794724077,42.01830025104157,27828,None,Normal
80.53952461770821,0.5079299415911909,13.83889344919963,39.03706904245897,136319,None,Normal
80.66396505238158,0.8095643339798968,13.455090144134838,36.02957502499979,59336,None,Normal
96.79603996418405,0.8425651995351915,13.300371301258737,47.72354729416465,158202,None,Normal
97.05047439290945,1.1860010638228708,13.931418551991989,42.525191710618316,21282,None,Normal
105.10319155648457,1.0110350798272214,12.220540240190328,20.497774418977937,163886,P0115,Overheating Engine
101.31621933517994,1.4450280209282411,12.91824247196104,10.943120436874816,50583,P0299,Low Oil Pressure / Oil Leak
87.67561170672052,0.6832942849663253,10.118681840967296,50.97866520176881,40518,P0562,Alternator or Battery Failure
127.03730811435281,1.3682282787110576,14.053051193070473,27.96489222287217,152579,P0115,Overheating Engine
92.81101050342888,1.1811437317918219,13.582125581177497,40.19083566352181,90214,None,Normal
96.22195011478719,0.8874506436913883,13.90742553520332,16.19268291750835,128578,P0299,Low Oil Pressure / Oil Leak
83.13011448595077,0.5962420189026587,13.940653103837773,48.92041236107585,35009,None,Normal
88.41322720249765,0.8134113892107078,12.817364497574943,54.82337252273953,50175,None,Normal
86.63024984829832,0.6323462264033473,12.559183276307444,40.19152898550098,11566,None,Normal
91.79312686143808,0.46023659798522937,12.803035298828581,38.209252285424526,18745,None,Normal
87.60640866344671,3.87291526874506,12.433802560329745,32.44025095272479,58375,None,Engine Misfire
92.2420139380455,0.6081516908666982,12.529250294213487,46.65852113608526,54354,None,Normal
101.82472205119129,1.0341009486787172,13.735610718524907,11.836904488253637,170624,P0299,Low Oil Pressure / Oil Leak
106.07841601657228,1.0853578243759925,13.27284065101458,18.613418162164088,151901,P0299,Low Oil Pressure / Oil Leak
101.64782083403816,4.778223291699193,12.359955649104208,47.29444097854956,175087,None,Engine Misfire
88.07592468930437,1.1921356394785827,11.258073458604617,32.43417234478053,158338,P0562,Alternator or Battery Failure
88.62590860188222,0.4068178931333963,10.410694260006451,37.804743414228234,99767,P0562,Alternator or Battery Failure
86.28454660669287,0.6580286165838687,9.81595329724663,48.802858317424366,117703,P0562,Alternator or Battery Failure
119.48557405204994,1.2511491653264102,13.905423399831236,28.68318564858464,120228,P0115,Overheating Engine
80.34460762394306,0.9791025863957867,13.65842510778997,48.992791392442435,168440,None,Normal
93.86733352054029,0.8832953766065053,13.347215142115822,40.47253332563332,199439,None,Normal
86.40750821572271,0.9578461104643692,12.527347628396535,37.321452810138325,13970,None,Normal
82.49888910768938,0.8408747448032146,12.845572160358376,41.91334566647726,179873,None,Normal
91.45538404025481,0.7234013709220082,9.74425430076715,46.66304941732587,26822,P0562,Alternator or Battery Failure
94.80562629891554,1.0039585075525204,13.54975183807499,45.40339784621502,32860,None,Normal
83.84287271659032,0.4206510596217485,9.531500703536592,51.47779394117291,115012,P0562,Alternator or Battery Failure
90.99858794946132,3.433202528657919,12.369644114823894,38.869932241409714,111996,P0300,Engine Misfire
95.58972140501045,1.1467337289233956,12.70122102836714,38.0965722519544,189223,None,Normal
80.80452187281246,0.9174649906119121,10.34114171655856,51.2274504989669,90513,P0562,Alternator or Battery Failure
96.11211933271765,0.8366696821672073,13.666473811044117,36.3330408112138,106089,None,Normal
81.24282631366279,0.6742550209769536,13.565288760384005,47.568529132291744,139283,None,Normal
80.64696092834136,0.6655980181324601,13.531024805944396,40.73082504256569,120212,None,Normal
83.12072471530558,1.0967654246264251,12.65244411675712,45.49022779140509,85027,None,Normal
81.21060645141262,0.2949179368216697,14.397895962863252,41.532784988518216,150895,None,Normal
86.85121928257844,1.0779743204450696,14.149307711204155,51.11850800235243,159055,None,Normal
105.78274829401576,1.716402789008916,12.880784579047628,18.97152936006355,119421,None,Low Oil Pressure / Oil Leak
109.24172381850576,0.8422215504734145,12.00143745967486,46.12007102376553,193333,P0115,Overheating Engine
82.88657731015537,0.8736454174749078,12.840581185904634,48.87899181020313,49771,None,Normal
89.8794559713924,0.4876327290436782,13.082875539092068,42.059170069047134,126152,None,Normal
96.65446971348199,0.38057534512733354,13.579095938049996,53.30976595176084,11619,None,Normal
87.81925974211897,0.923447817850001,12.517202907002705,46.78907978969394,124591,None,Normal
91.0853017649399,0.8350936508676439,12.586077618566884,42.49225229252942,127042,None,Normal
93.64873752672241,0.22458691645880152,12.542034747905095,41.472204382990824,100285,None,Normal
92.75053358087062,1.037013328363672,13.82519577717164,48.60281543520601,125629,None,Normal
80.86781669949,1.1771741842213173,13.273125125373454,52.415069006745185,157565,None,Normal
91.90902700177777,1.1409923225744372,10.695704895363216,48.54068218629722,179070,None,Alternator or Battery Failure
81.30404398030205,0.5924935564066849,13.411883785962535,47.00041096238607,61874,None,Normal
120.54345684693143,1.2234040285534686,12.7889674802979,47.34017570235892,19710,P0115,Overheating Engine
92.46385072383865,1.1912559937021883,12.743949149962837,37.08219298768333,146246,None,Normal
110.6608205675843,0.5523354039120018,13.294374886162936,31.93053243299164,234105,P0115,Overheating Engine
95.53586166576068,0.8232981268275579,13.128706247220034,36.27116700572047,65641,None,Normal
116.28930381716827,0.5424567790198447,13.046311622008417,32.23244315008197,51274,P0115,Overheating Engine
105.03074087016682,1.7903563341340925,12.343643317447318,49.65262981890443,234887,P0115,Overheating Engine
92.85846406054686,0.9646509503848735,9.552068273636435,47.25807117251823,208455,P0562,Alternator or Battery Failure
80.78730330156105,0.32300329512374565,13.561420553255807,41.86334706345316,147188,None,Normal
88.50107247493366,1.0801567379214851,12.909907290435262,48.556264006200884,123511,None,Normal
107.61581143368423,0.9447399071226723,12.945906763515607,44.92847513165205,41975,P0115,Overheating Engine
118.31989588841276,1.720026805678401,13.455911011437603,22.304091449432647,94799,P0115,Overheating Engine
93.90040584733984,0.3987156815341724,12.510492022534844,51.30922856909668,142837,None,Normal
86.23727852027616,0.7485884150546884,10.166574763392394,42.99029189507519,219270,P0562,Alternator or Battery Failure
85.28490581378809,0.24310010894832407,9.629827854387635,39.8054448358385,209033,P0562,Alternator or Battery Failure
87.25006261053264,4.113393056572267,12.605217539430074,45.97769617486766,98421,None,Engine Misfire
94.65925734765393,0.4423536951367623,10.791945702809604,50.97749246999029,125638,P0562,Alternator or Battery Failure
97.3338560694619,0.541872166038686,13.701981596954502,53.64056211020035,24989,None,Normal
83.34164068822237,0.8642193849889683,14.175212162502666,51.282513711823235,138601,None,Normal
86.40210889636909,0.9190459051842454,13.064531259684033,46.32809280593794,97829,None,Normal
84.63829199320185,0.6626229567393163,14.149717760275923,49.543381395326165,149827,None,Normal
90.89634476693534,3.121825342954379,13.242106978838708,36.30806860659363,230516,P0300,Engine Misfire
95.69823036099473,1.1321182824836125,13.573753048819498,48.93301647753785,184887,None,Normal
93.60562940622533,1.1915327758273866,9.699956936020442,38.88598343410155,150535,P0562,Alternator or Battery Failure
122.89815967858756,0.7276600821694592,13.480082151707427,26.615127903069414,64096,None,Overheating Engine
91.04147352684421,0.6182430362906188,14.272184118372625,52.32127779000817,13817,None,Normal
86.275843000675,0.5578112493355931,10.625073516664285,44.389835716002054,43906,P0562,Alternator or Battery Failure
93.57131426474211,1.0049067768414386,12.534212455640864,54.256207141480516,146700,None,Normal
116.28637285473263,0.8743289454787903,13.084203085972213,28.99826209331068,149118,P0115,Overheating Engine
100.65382892758694,1.310325900167928,12.11071045245626,10.12907476018024,71216,P0299,Low Oil Pressure / Oil Leak
93.88928439761494,0.6988956645359419,12.522995921874605,35.18076938158585,74620,None,Normal
88.04699978851566,0.6603582712019263,14.142670858093073,45.93296440375577,79178,None,Normal
100.15553120750316,2.9329877245528544,12.699687145727944,53.116044778215915,32931,P0300,Engine Misfire
124.02271776007268,0.7876103053798832,12.838180802070479,44.25217216681072,200315,P0115,Overheating Engine
82.11547244198789,0.8492103021160635,13.917485270604304,46.667375301943196,192623,None,Normal
93.94376356126128,0.8613706110704145,12.85187157894819,38.48218670668169,24187,None,Normal
93.97605403699504,0.8561618376810716,12.837114661992443,45.900538377938766,197010,None,Normal
91.15147160065347,0.7633953507126401,13.68676669141761,52.28866493736729,119452,None,Normal
82.8804488563375,0.22335209632818592,13.936805866505336,44.170460177637814,61402,None,Normal
94.7849905322125,1.0433261677878831,13.421679853961127,41.672567916737314,159353,None,Normal
123.64277378901667,0.8714198379591575,14.039672320101788,49.09779576035572,143533,P0115,Overheating Engine
106.53058858432874,1.2421406418913192,12.407594781843311,28.359291893451093,64209,P0115,Overheating Engine
86.94984748041394,1.1611905638239142,14.220166219716521,38.91582269578593,18525,None,Normal
116.80915344543087,1.273798652535222,13.918208734817112,37.309448372530454,92733,P0115,Overheating Engine
86.29111469756273,0.3140957848879334,12.787368974596376,39.5063385990247,53938,None,Normal
91.56354700771368,0.22651131054162182,13.61297360441958,53.80460482849915,117217,None,Normal
83.14709529068743,0.7025660764634425,13.257459752767396,37.92747984324498,76669,None,Normal
90.62530896526654,0.46806364082287627,13.685882924913354,43.18823304382481,112649,None,Normal
84.97374395238536,0.6320189275945061,14.362700607790153,36.35005093367644,106146,None,Normal
95.89503979588571,0.9999497898057875,13.082241652886085,15.22772509737109,82434,None,Low Oil Pressure / Oil Leak
81.04116817814113,1.1691026301408114,14.17919318143051,53.55504566390426,199007,None,Normal
90.92117104491385,0.8728716685980797,12.654183439218855,54.02981420353574,168505,None,Normal
83.432378971946,0.2365496678480949,13.396927195708999,46.29682266525233,17813,None,Normal
80.45348145126613,1.0389973277180107,12.52169416856274,49.07399559258102,194200,None,Normal
93.04474527218257,0.2881344309766915,11.064316249300713,51.18869082636841,48181,P0562,Alternator or Battery Failure
99.74868520353297,0.6342096842155809,12.91956498811521,18.03284798567202,218353,P0299,Low Oil Pressure / Oil Leak
91.16852813093547,0.9422531871990871,12.822773911496396,38.899503998005784,178629,None,Normal
104.71201467905601,3.9853643904827365,12.535952542360826,49.96389595326498,44616,None,Engine Misfire
81.12125236634112,0.7094221281497897,14.393724022320656,51.279405390120374,124967,None,Normal
85.92580006785194,0.2512634591759982,10.164503050968174,46.843905744602246,104573,P0562,Alternator or Battery Failure
82.53280750487765,0.40201566840249,12.85002719455225,52.879794200157406,132587,None,Normal
93.89425553716671,3.699016973872964,14.163349690511298,36.04003191089407,176694,P0300,Engine Misfire
110.92990291479751,0.566882139101216,12.314736295991485,9.64014517526057,154708,None,Low Oil Pressure / Oil Leak
81.20552501645489,1.0773504531328386,13.239869384059864,45.835219285351265,193772,None,Normal
95.76589550330702,0.7390945527360087,13.036697610103007,43.50456370875388,12326,None,Normal
84.32262113800748,0.27586332810866393,12.744871471630233,37.56091677915545,34621,None,Normal
86.22579429328144,0.3544597472233238,12.548350743820926,47.91644772572968,129195,None,Normal
97.35231332811864,0.5842067129858002,12.574092423892331,35.619115818386874,80657,None,Normal
89.14214782450537,1.0498267810688393,12.821376954270029,11.01410443936085,205659,None,Low Oil Pressure / Oil Leak
81.68943112682041,1.1096268194365924,13.77148049958235,51.58573598633511,176400,None,Normal
81.05391672639162,0.5342383186960609,13.991304256511789,49.15361869481831,158779,None,Normal
91.20734960477584,1.1733826191648211,13.383518083300213,51.947758611427474,17166,None,Normal
80.19843219357941,0.7117804565694807,11.046662190611736,53.36988793731958,200932,None,Alternator or Battery Failure
92.35388954034975,0.26964114816240575,12.832274730634323,52.114745178115726,49300,None,Normal
80.21071899315628,0.622034260127639,13.060577344542898,44.72000987595206,117553,None,Normal
91.12680321772615,0.9024649705441039,13.563332498625137,35.195416948383674,68659,None,Normal
82.08881106177056,0.21071529769535896,10.506217608836602,54.394470463723316,87518,P0562,Alternator or Battery Failure
102.54240935324576,2.8322679486869875,13.211255395991001,34.81232876589568,43432,None,Engine Misfire
91.81935932674178,0.4403989128935069,12.864026596896169,53.36478173350874,24851,None,Normal
97.09137122583756,0.34707348092903795,14.26051648780684,44.842325861590766,55357,None,Normal
88.27004183130776,0.9850165438370568,14.194960908986445,54.10669373007856,158446,None,Normal
81.52707885353345,1.1866395785011754,13.211114511936628,42.412842941337814,163495,None,Normal
85.48551971695039,1.029394664858847,13.034890276988367,52.455076791322554,26953,None,Normal
85.12461669035903,0.8484645569002371,9.364257702182302,52.43493295803965,35070,P0562,Alternator or Battery Failure
86.64044551225591,0.6625347161331478,13.920194782454137,35.73366405781196,54225,None,Normal
91.69116073473405,1.0044140596774733,13.85869030643903,46.863164380789364,15402,None,Normal
106.36538928644201,0.8013670095282837,13.771262259260261,18.001327346850367,93613,None,Low Oil Pressure / Oil Leak
91.90298802995899,1.0468496412797967,13.85609716526295,11.449427689701599,211910,None,Low Oil Pressure / Oil Leak
107.4224237705996,1.7835370061534097,12.977027825194561,35.9561529951505,211564,None,Overheating Engine
97.3410998158439,0.7601681834618419,14.279962677862875,36.045157585720474,86664,None,Normal
88.66513803369733,1.9661572763060184,14.12157711487917,11.137289578791709,95873,P0299,Low Oil Pressure / Oil Leak
94.53392279295312,1.0960912999234933,13.104206602446542,37.201038490553536,49447,None,Normal
92.54663288704805,0.7489096316400716,9.65406990173685,48.00959996466115,117333,P0562,Alternator or Battery Failure
90.45710683798723,1.1906791570657658,13.93778731743028,43.845876109022704,142942,None,Normal
99.57086830038511,0.6162254398332241,12.039663819709608,10.523321795340632,120309,None,Low Oil Pressure / Oil Leak
83.22660101434022,1.0000034817636814,13.550143443865236,42.931073639799266,30684,None,Normal
87.37984057155138,1.1204982853748104,13.650353832500121,16.43400853429044,247941,P0299,Low Oil Pressure / Oil Leak
80.19792491585265,0.3368856300688073,14.2100354195114,52.47780155125031,121495,None,Normal
90.99116076394938,0.4886305532402558,13.604352620702963,38.087254305484045,98822,None,Normal
97.42148062721054,0.4954447774774203,13.961523980892455,47.49327137708528,79478,None,Normal
83.70237071951999,0.32138641815940644,13.668524639273848,50.49267561275576,130561,None,Normal
97.47010622494675,2.5413487272125432,12.681321764431416,35.04487370631142,229030,None,Engine Misfire
121.75664409847106,0.6976631376518394,13.008311908092665,30.536581620463426,36099,P0115,Overheating Engine
94.89511375771798,0.8972093819096367,13.857220607896496,44.23432287626238,184593,None,Normal
83.30731459122124,0.8256507894272764,10.571858358759064,34.620959948675626,22513,P0562,Alternator or Battery Failure
92.10428896445052,1.1770069544389434,12.69359689165858,35.16639884454384,89548,None,Normal
87.67126344024751,0.6513870243296755,12.810885260264172,50.89619097499859,140268,None,Normal
81.85769040058726,0.27053563759295657,11.382630808846104,34.75321915796764,182462,P0562,Alternator or Battery Failure
87.06424735213064,0.9542649733470228,14.245010221076276,54.018571890050964,117538,None,Normal
80.48901358206008,0.26520459126049206,13.381469615943432,53.1844041172312,110046,None,Normal
98.40591640022633,0.6849777366129384,12.882134718714374,13.007097879920842,200024,None,Low Oil Pressure / Oil Leak
94.5199709544827,1.0580232710072293,14.395493765064098,39.82992970513736,12868,None,Normal
92.0278303739903,0.8194903460096146,13.380638683221088,42.595715603584594,173350,None,Normal
82.92020130408463,0.21260751997575905,13.563535798912927,45.54799244245353,145273,None,Normal
80.66613742487887,0.796269878482053,12.937016790846636,37.41133771554558,20005,None,Normal
97.172918490657,0.80617463445088,12.93442133045658,48.43401368811713,125535,None,Normal
94.29680171591207,0.9192452005758318,11.43239648687012,43.18969933180414,64369,P0562,Alternator or Battery Failure
92.03594045830448,1.0614180460955174,9.529520078517368,53.809668809968116,79052,P0562,Alternator or Battery Failure
107.22109651006724,0.852546948217878,13.435018448200582,13.551971425753297,161129,P0299,Low Oil Pressure / Oil Leak
107.04807516580534,1.3555328834734397,14.19504865582244,33.55218427944332,94813,P0115,Overheating Engine
98.83286803946636,4.267029996014022,12.359379789434945,32.607827183797056,53468,None,Engine Misfire
126.9407911568147,1.235468435797276,13.131814921027766,22.551691564677235,138496,P0115,Overheating Engine
85.74823048920878,0.41633277763082704,10.262185630238756,31.20906777621952,182302,None,Alternator or Battery Failure
107.90148447092818,1.2394740656871335,13.03818552324195,14.403124894098283,216292,None,Low Oil Pressure / Oil Leak
86.36034010446895,0.783656111850872,12.647695810233472,54.487896153323334,197311,None,Normal
91.87971282861523,1.017222200201216,13.554881542038979,45.59301156712013,52161,None,Normal
89.71084326275607,0.9907231648389636,13.105629755570932,47.517827528740185,177765,None,Normal
90.0224227242503,1.136154774160781,13.82245661368245,46.4012234017873,23949,None,Normal
86.59783459570752,0.8439565794476136,10.11428442805634,31.364135207067473,135886,None,Alternator or Battery Failure
117.63909321983255,1.2037867471796697,12.189270745472475,21.71080742010858,38733,P0115,Overheating Engine
105.57749975215876,1.9042648462497578,14.069651890315814,11.247812848749339,222443,None,Low Oil Pressure / Oil Leak
92.04240207192395,0.6622955610006072,13.282354529010567,48.01946934301908,111359,None,Normal
86.99619121441067,0.4713490317738959,14.074601267388665,42.135066533871786,59782,None,Normal
120.80342614701513,0.9635750287820674,12.559858929560173,20.386924093685764,136567,None,Overheating Engine
91.82519281280851,1.156614621083458,12.6310202310772,36.14109442302509,60026,None,Normal
93.52120486055152,0.2710076645332555,12.652342026755617,42.095425836719684,188636,None,Normal
94.33767123757117,0.6815223515125501,12.72288555902855,37.50371584405101,138685,None,Normal
84.24890834023635,0.27349674733001267,12.822540019666327,45.395478971120355,70715,None,Normal
86.3093696171509,0.5725332737595508,12.630555987675526,42.39148398853546,95526,None,Normal
122.00402324475398,0.7000698761019057,12.328348833431242,28.0452310323474,96241,P0115,Overheating Engine
83.01178347201909,0.9806317174255572,13.609168282976812,54.04443571395189,13272,None,Normal
94.64841534984356,0.8456025770584117,11.442905313717237,37.58463859072833,174197,P0562,Alternator or Battery Failure
91.55656963077718,0.28413996499504884,12.807094556779766,52.97108377054158,123253,None,Normal
88.29401782458906,0.4063337184057925,13.192112735991344,45.068345417097134,139626,None,Normal
89.71922834505007,1.0420332943764212,13.48982015681688,47.471713760055195,22379,None,Normal
95.10809286240804,0.20381992265858312,12.968965351483615,49.81808112304143,66672,None,Normal
89.26880029843866,0.3613628010553837,12.658753241270311,35.38257932874574,37320,None,Normal
120.30028139866637,1.0953076927642362,12.498347577279432,38.41910918975698,71893,P0115,Overheating Engine
93.49960037213728,1.1082284887003229,13.94155911021145,46.94310611980604,132555,None,Normal
81.84528735319654,0.7138544642067677,13.466892055623006,42.38561540431082,186920,None,Normal
94.72013593742501,0.4135113663106719,13.461120116608475,51.814060560224,147896,None,Normal
80.69167428132185,1.1017619921354236,13.376807182786996,47.74402953616561,133574,None,Normal
89.36294302001588,1.0521815003185402,13.548622993671522,46.21875943070773,175947,None,Normal
92.38893624404426,0.3405529675783608,13.422620429352856,35.55073439738931,103563,None,Normal
83.58599576112545,0.9580404210112166,11.024013307909035,37.8149506227075,96243,P0562,Alternator or Battery Failure
109.4647897783696,0.5362079130673967,13.389025717306152,32.79195070404867,138332,P0115,Overheating Engine
83.06363159552643,0.6186951433276842,9.727123828626965,30.00567595545639,202150,None,Alternator or Battery Failure
86.27876961145063,0.31099809879131485,14.035646899017522,53.95376051928942,19101,None,Normal
107.70959660663473,1.99527392642216,12.946754982115959,12.702987424967425,229463,P0299,Low Oil Pressure / Oil Leak
118.47931838414591,0.7426319217369873,12.056517218712697,28.536241570308015,114682,P0115,Overheating Engine
96.00430263092018,0.7788067545119406,13.701543516223936,38.12953432007201,97414,None,Normal
85.4566455978834,1.8643466410704517,12.593186019287803,17.69677002780459,249857,P0299,Low Oil Pressure / Oil Leak
90.99404127936383,0.4806832155159743,12.89328589903301,45.33145256891958,6073,None,Normal
83.70514178066183,0.3119196193977279,13.01252426188228,36.1417371217863,108578,None,Normal
90.57388631857052,4.693066870295066,12.314191469840308,44.49573940119313,84986,P0300,Engine Misfire
96.96917193443227,0.8496466489923684,13.654699910269832,45.25377022033017,49980,None,Normal
90.3772362351208,1.1371912719971178,12.848215503281672,18.654162014667037,197625,None,Low Oil Pressure / Oil Leak
88.98948930509583,0.7137078552153049,9.89164286230287,30.161608944742763,114210,P0562,Alternator or Battery Failure
86.75228054753705,1.1985883665012462,12.52853904062147,14.198043214486816,130202,None,Low Oil Pressure / Oil Leak
91.92540111837168,0.511711076089411,13.488129240237841,45.934205586865595,41046,None,Normal
95.51626068090721,1.1227571905133944,13.425417645755978,47.12505875501955,154137,None,Normal
97.21702516939064,0.937508359459007,13.171177676153922,40.930711625753105,73192,None,Normal
111.58466755444111,1.584943327332316,14.05806592976049,25.571992160155567,98814,None,Overheating Engine
98.76260403278086,0.9501006243581599,12.332781425817887,12.346747388464637,112713,None,Low Oil Pressure / Oil Leak
95.79446083978067,0.9387231507265663,12.526116552621556,39.96752520739601,46809,None,Normal
82.92710490820804,1.1109271844938424,14.062820761554022,53.99599826583848,146515,None,Normal
81.56456518557363,0.7371065418185478,13.614998124239671,49.908789483686604,89173,None,Normal
103.17194905549124,0.7761814603541148,13.459751906609595,32.33592466647637,105541,None,Overheating Engine
88.7096783886445,1.1359372482485595,10.813401649506067,42.031948780480924,180031,None,Alternator or Battery Failure
85.97943859608088,0.8936180574737953,13.965133350118585,48.09301373731909,34561,None,Normal
95.72161828546989,1.1007018640112585,13.301269761059565,40.536555944701036,120508,None,Normal
84.12858398667811,0.6691072110475786,13.010268118161921,37.01956213635522,37660,None,Normal
80.93027098103494,0.7313546315681481,13.527206731059202,47.74859802996413,146587,None,Normal
94.56850079861324,1.0101133946791807,14.147437405302197,53.26481105112943,104711,None,Normal
123.14286314170545,0.9266333276368957,12.459930622155062,22.540650256259205,120005,P0115,Overheating Engine
115.8523860637815,0.9010087659363293,13.260692841361834,29.756335888286337,23835,P0115,Overheating Engine
86.34622395277744,0.7248638798707094,13.182678503713332,15.257924711223097,171933,P0299,Low Oil Pressure / Oil Leak
86.62009638894656,0.8323058305935795,13.7037064504457,45.71549368149517,22606,None,Normal
85.28393268943448,2.869843196785176,12.98987608339149,47.32272277561919,188626,None,Engine Misfire
93.28214450052383,0.7543540525114008,13.66226941784527,43.3920012485558,53307,None,Normal
86.36158482744892,0.43687055897448207,13.982998478963339,40.49612071096272,165409,None,Normal
84.1474999181123,0.20147382208631143,13.885755108767194,54.33690999598571,48737,None,Normal
92.4910720004078,0.7427244433475961,12.978418211923211,41.91391987007839,40411,None,Normal
85.22908110208557,0.6699882681579366,14.191268161052427,49.15442700535055,17129,None,Normal
86.32110615644321,4.728677412689315,12.792131784247598,41.946683872828395,101715,P0300,Engine Misfire
87.48395186341979,0.6289443334301443,13.527719507292353,48.92859614072215,141918,None,Normal
92.52753570968656,0.6089529444142698,12.829259208134607,38.12874085342172,53797,None,Normal
99.72946349238146,2.334309128498067,12.108447884081716,39.65719262863863,101298,P0300,Engine Misfire
94.38948582144162,0.8946964708544267,13.01707576073693,46.80461333738174,75389,None,Normal
89.13341489692056,1.0742225246851758,13.437738502646226,49.045175320633284,198599,None,Normal
88.7773005740098,0.2776493346716051,13.274331758961619,43.142129782512555,17871,None,Normal
92.50967395027777,1.0601223971892046,13.981716878897364,35.792376506967145,98698,None,Normal
85.01063266992782,0.9982931972091866,13.11988244427818,40.98766747410696,50338,None,Normal
96.86524081455913,0.7538022407123763,13.080496190250244,42.93963034148567,92204,None,Normal
97.45841682993087,0.2939007157894184,13.77794402462774,43.87500438609142,174287,None,Normal
91.49346705795354,0.5975943979627942,13.021008884462473,54.67955295919656,84820,None,Normal
85.60353858480806,0.8103337833109183,13.860686281024067,40.45248001467068,85642,None,Normal
87.90148557270145,0.27845638134226597,12.548166412489369,54.2529682935585,168016,None,Normal
87.93229114319685,3.8794125218599023,12.512334121533993,33.919010716290984,177188,P0300,Engine Misfire
80.54900449890289,0.23734818874921443,14.062941065253352,42.20381282822526,29776,None,Normal
90.13380160351159,0.7088940700698803,11.267469646451177,51.650891876143916,12081,P0562,Alternator or Battery Failure
95.32564923941172,0.4085105143573358,14.26813090782344,37.32732795770952,164402,None,Normal
91.72237627735686,1.0584606478595717,12.560260284957916,14.389509264384522,119629,None,Low Oil Pressure / Oil Leak
86.21811086470366,4.02406969056765,12.021620615653534,40.22956468646221,95757,P0300,Engine Misfire
97.43367197059806,0.803637200559375,12.646260987423435,36.51167227708134,190527,None,Normal
91.58439851353745,0.7264026609361132,13.890020091335131,36.632599640611794,16768,None,Normal
97.12600686193565,0.3754916273813574,13.578681904069004,46.58628933323875,100476,None,Normal
90.4415517410806,0.2914868373977549,14.167175638997723,40.31200085177412,30255,None,Normal
87.9905501811148,0.22191332877500897,13.071987547885195,45.052624852602605,15954,None,Normal
101.07247470980947,1.3087906911909717,14.13139231927117,14.342131393476416,43992,None,Low Oil Pressure / Oil Leak
113.28259930165578,0.8126910607341933,13.479244455241748,44.781940536448566,166445,P0115,Overheating Engine
96.3521101040053,0.7833917947661204,13.261617691850915,44.24011607288266,189720,None,Normal
94.29245340686532,0.8200727559285135,13.513576074755012,52.87785166101915,158776,None,Normal
107.20509139416295,1.6431292803820163,13.225489129205076,26.94141909130544,128046,P0115,Overheating Engine
94.42766801389381,1.1595766443210334,13.426922683460088,37.19472397355007,111852,None,Normal
93.68410147801436,0.7956387406078442,13.395994758245301,43.23681828294537,73029,None,Normal
92.72101871303671,4.7134359640479975,13.53376575943877,32.08057665520181,218480,P0300,Engine Misfire
91.81661493196705,0.32809574636620004,13.142708261389547,53.561672806520995,48800,None,Normal
97.81928418301902,0.5223538449747229,14.038761447123807,40.092813095275275,137893,None,Normal
96.66614496368409,4.499292912725347,12.333834408496715,44.94520033503785,172890,P0300,Engine Misfire
89.10141476159527,1.1411208125336736,14.165006922970392,37.0513592516718,81582,None,Normal
97.1155441205074,0.35105789178090024,13.321436121980943,53.872318403351976,86846,None,Normal
109.49177097376035,1.7606407226373701,12.948714513541427,30.42556385941264,26328,P0115,Overheating Engine
114.96320924798806,1.7075174147992354,12.730337310418859,33.960108018184584,18078,P0115,Overheating Engine
110.3956024374134,0.5014457224550436,12.598300030676036,26.53674138880232,163912,P0115,Overheating Engine
93.53789455646606,3.419464843266497,14.0428221723671,46.027152589553985,91680,P0300,Engine Misfire
103.25601600815723,3.786943820327208,13.20209556326669,36.24360448073388,98953,None,Engine Misfire
95.82534390682245,0.4433966832185305,13.558940622188715,35.77958641322261,135035,None,Normal
84.95686113659754,0.5063134987782127,13.999071803849507,43.92839032803164,160684,None,Normal
101.00275165504152,2.8283131941298816,12.149682091001674,37.92260344301562,81362,P0300,Engine Misfire
91.23197273952168,0.47364041786077166,13.426885205233624,36.645446485541235,94618,None,Normal
93.0106574577527,0.2676683619000016,13.844886684736561,45.87076434685292,20936,None,Normal
82.12696689718982,0.8967371653641507,13.69499140888178,52.549440270541055,148338,None,Normal
85.7415613452877,1.0448753109694546,12.544216677898069,51.28936965177871,59961,None,Normal
91.5285687591652,1.1789811151748089,13.646636882482419,42.15628168227098,131324,None,Normal
86.98705867171739,0.8432882184423531,13.370680491933882,45.9123357863187,188585,None,Normal
93.1146100120562,1.0306227604317912,9.73917775434024,39.98331450498056,96031,None,Alternator or Battery Failure
92.55356481044312,0.4973490073725508,14.256352771215408,54.42116490330736,189131,None,Normal
95.01460274601216,0.9404761319535191,12.771415545871593,50.06855844513938,154939,None,Normal
95.06674025437292,0.47927608845441044,13.721475629111545,48.88301147019662,104967,None,Normal
98.52796737820012,2.9825124310422164,12.40489849851047,48.9112771997228,129056,P0300,Engine Misfire
99.74264827913278,2.2954536530559735,13.044491813296032,38.408084856758336,231723,P0300,Engine Misfire
95.1571426567798,1.05101077291592,13.15708246918321,17.587994445011507,109589,None,Low Oil Pressure / Oil Leak
87.80250018960142,1.1971823539029505,13.562212641398544,41.42324305271907,47921,None,Normal
83.30128117736182,0.5042422429595377,13.497037220101252,43.638900372842315,61789,None,Normal
126.95295022298585,0.7865798055190446,13.949599898684559,48.02912342502471,221194,P0115,Overheating Engine
93.05010937338413,0.774287575090211,13.767703440668944,50.54098571303513,173129,None,Normal
88.9491457521517,0.8178472402012138,14.150919470509566,46.41219493277659,10925,None,Normal
127.27877268420714,1.2308454543838827,13.57245720817668,22.053513576980503,108975,P0115,Overheating Engine
82.76643877119568,0.7726072328820224,13.02632379621936,53.42615024425951,118722,None,Normal
91.33203854405126,0.25433203482290384,13.92242594483978,41.351735905222334,5026,None,Normal
101.61658070588902,1.1085716362714215,12.090381202902222,12.972884743056976,88350,None,Low Oil Pressure / Oil Leak
88.88465619552406,0.5129285038876704,12.043940451671661,15.366017374045605,130186,None,Low Oil Pressure / Oil Leak
96.33699804601798,0.9140326444668565,13.655019906772337,41.18745435725564,165639,None,Normal
120.05479223137746,0.909811265044286,12.293061833100584,38.97188769396526,43873,P0115,Overheating Engine
80.37052089732444,1.1699098521619944,14.081641017520802,39.246782213565524,40455,None,Normal
94.68499624983112,0.4244405718366607,12.925253468162984,45.73948845786827,120623,None,Normal
97.68281510435492,0.31203890216805236,13.255925638186909,54.389408665507375,173773,None,Normal
82.15269642688943,0.913244787222995,13.945491592372106,46.22554395138992,155338,None,Normal
91.34444995021084,0.44838360874320754,13.840375577538625,43.552026674066745,91296,None,Normal
117.56786123361704,1.5562159673574232,12.719270253540685,29.172318723418734,105608,P0115,Overheating Engine
91.45473706760075,0.5245118001753422,13.012072538355318,38.81853170143287,140454,None,Normal
91.08553738728148,0.4329594747536338,12.546361484957423,52.401977478018594,9147,None,Normal
87.44131240037484,1.9217848508804911,12.56882598000854,12.872124904062858,118497,P0299,Low Oil Pressure / Oil Leak
80.40444754976211,0.4686773593849461,13.529105007855648,47.669564396522944,55288,None,Normal
81.38549004885573,0.8961561451379252,13.227317652429138,51.43661893170719,133604,None,Normal
96.34878594739976,0.43956189066697243,12.775300256973324,44.789055205551264,197201,None,Normal
88.70382164095865,1.005992549775158,13.545430430096898,35.86825065709638,128464,None,Normal
88.96062514461723,0.3054736999566306,13.747882198976159,51.44206321200451,79181,None,Normal
90.03314796561028,0.9986557803566365,11.438607053744752,30.503446223732247,42294,None,Alternator or Battery Failure
86.23164500888134,0.22400504484488887,10.00489185492191,34.42705638493224,30669,None,Alternator or Battery Failure
115.74635023876144,1.1516583380134482,12.11053462161056,21.047346579686714,139010,P0115,Overheating Engine
82.36821833229068,0.9158249646820886,14.227161789264718,38.59366217740484,51320,None,Normal
89.3815017524989,1.0082682112162782,9.3656886485873,38.36972604726698,75877,P0562,Alternator or Battery Failure
85.78723759639459,2.256801451164125,13.703868326863539,33.36083568423875,127575,P0300,Engine Misfire
80.65088684944571,0.5031283559453286,12.999913882830601,42.202728149430385,22090,None,Normal
89.3860224027846,0.26364090928664236,14.079609677332849,46.97957016354421,27411,None,Normal
84.03196422545297,0.3986445768974058,9.792456866229758,37.66038623377591,126578,P0562,Alternator or Battery Failure
91.27737718935022,1.0119462346378834,11.469799285342232,37.822988700720565,190286,P0562,Alternator or Battery Failure
101.41015008464218,4.176090744688252,12.10728590138891,51.093219817756435,120750,P0300,Engine Misfire
94.06379340345148,0.7782983994203607,12.779229148217599,51.22247539866942,129011,None,Normal
88.71553909397416,2.420912353712613,12.959741257985746,46.457685987651544,120674,P0300,Engine Misfire
103.15947608516477,1.7718612231739137,14.124643861603444,31.85465892416915,178883,P0115,Overheating Engine
90.1621528634683,3.4063620853449903,12.293225367780781,53.19364332688518,219571,P0300,Engine Misfire
126.01849125856589,0.5520768547659028,12.641214009686346,26.226228086171105,68582,None,Overheating Engine
84.68516343618805,1.1071950307058298,13.774391392621085,46.2088126196088,26642,None,Normal
96.8833741658101,0.28510348611978537,13.232635425775333,36.42069778088004,46104,None,Normal
104.33244441792215,3.3529416673737145,12.706193500409976,43.15235033128855,178186,P0300,Engine Misfire
96.47162123132678,0.73302886724614,12.80011416338716,48.91798236337605,159685,None,Normal
82.69851369227793,0.4292513952326415,13.872279879946825,49.40073073092149,130023,None,Normal
88.30803453955622,0.2093316198270933,12.968689842591084,49.52923430226009,198402,None,Normal
97.8733663301474,0.2737965647353989,13.55232314036251,54.38605071238198,107004,None,Normal
94.8203952533782,3.033907314010085,12.422967420629803,37.73673872721503,244227,P0300,Engine Misfire
87.26269159182314,0.33401522845064074,12.554687084995344,50.10274511347238,125960,None,Normal
94.72101589115039,0.32020905537060845,13.534529286125615,35.11517320996243,68294,None,Normal
90.8117191978704,0.9435939161765599,13.461905513040886,47.68208062752663,18831,None,Normal
90.90402649014842,0.56459372819754,12.913995853084481,54.760719323111836,93530,None,Normal
87.3943545748379,0.5301559503156044,9.456321689605671,53.83507198455237,22647,P0562,Alternator or Battery Failure
94.24842278706527,0.9896181427945538,12.673291595792511,44.88840609405163,16223,None,Normal
93.9610133166559,1.1644766539008116,12.88715627234261,45.466592623894826,60991,None,Normal
91.76608209819196,0.79856299321776,10.193938563717598,53.94864649815344,123633,P0562,Alternator or Battery Failure
97.3324395633055,2.3048680155599754,12.717574559082157,41.71392486477836,54030,None,Engine Misfire
96.73152459646087,1.030619407787729,14.333551130266374,37.485944469710894,147519,None,Normal
94.20078449196814,1.0918721448107347,13.324253097195406,53.19886287708784,78577,None,Normal
94.30660346374967,0.7026370931051922,13.596117380790083,44.85035387637728,43072,None,Normal
85.79594254671305,3.7539740723609936,13.913330946673593,52.27080370724084,123278,P0300,Engine Misfire
123.43263280533091,1.709517946220123,12.209794026800608,33.501759182786756,90927,None,Overheating Engine
94.35702248809694,0.6271050453603433,10.340240817660128,52.448880404625484,120260,P0562,Alternator or Battery Failure
82.76032525608944,0.7862298320167973,13.461188489880486,47.22908470869296,8531,None,Normal
83.75988903209294,0.5687071708647953,13.202645186375635,36.04710040374945,154675,None,Normal
82.56048863636953,0.3213849394224289,13.076222780378432,37.02091622021293,139971,None,Normal
120.33555320140772,1.4107949453127873,13.657638643451111,46.18578264696994,127490,P0115,Overheating Engine
123.45951061948838,0.5521805168109765,13.957809427998297,49.7588824171593,81165,P0115,Overheating Engine
89.21939781239901,4.388217219611212,12.066778372172609,51.09532159145765,125875,P0300,Engine Misfire
94.63280323942979,0.746405674183892,13.108182756097904,17.80202884345762,176082,P0299,Low Oil Pressure / Oil Leak
111.36002947471871,1.012944009914601,13.165869291246512,24.84102075165149,143699,P0115,Overheating Engine
82.73014783518953,0.5117220677955483,12.972129365647485,49.87892585145354,11538,None,Normal
94.1530075889126,0.4013637821359744,12.991379586287273,38.29412706864592,69391,None,Normal
94.05766720831024,4.658859281946663,13.489004095986102,37.53967174683879,63309,P0300,Engine Misfire
93.00080477340187,1.0556964681062857,14.077417742677284,42.943670592369095,135276,None,Normal
91.85372928206098,0.9661159327955862,14.10725073538769,47.27208228474917,22277,None,Normal
102.00145707199849,1.1242414196092367,12.366384729693994,19.361767972836947,210586,P0299,Low Oil Pressure / Oil Leak
96.89012822277869,0.38123306616566016,12.626342907996877,49.82241298580118,117022,None,Normal
91.57361018980252,1.1866469190562012,13.670944327177276,11.559881841884732,186045,P0299,Low Oil Pressure / Oil Leak
121.90634478556086,1.090438761557718,12.907015401229664,48.041897464649026,71447,P0115,Overheating Engine
94.99094678218889,1.1060870604812605,12.523097865807035,48.48039838117585,15107,None,Normal
86.41153578825651,1.7788139673132506,12.43603205012767,18.243980317083306,107556,None,Low Oil Pressure / Oil Leak
93.7583609558557,0.823743084864009,13.948374986551825,35.77876033375331,168238,None,Normal
92.66634759429432,0.7406984766449103,12.683415493371337,39.83787656517678,7418,None,Normal
80.73311844174147,1.0554605840110072,13.836949932822046,44.4834765817465,24077,None,Normal
106.33224774922883,1.424436122531217,12.098693226780977,15.725469904622816,97961,P0299,Low Oil Pressure / Oil Leak
83.86842746665512,0.624850842868087,14.224893176378716,45.14119293477437,41644,None,Normal
89.2518108048766,0.9836530127411431,13.253431286410413,47.44173400455747,173160,None,Normal
106.5867364254505,0.6968791785159645,12.952097265552002,37.87039472484589,33138,None,Overheating Engine
90.2580143276837,0.9624586857406905,14.165854709847324,41.84163497431815,165145,None,Normal
112.88148288577895,0.7363125273825705,12.344987951696972,44.81906449211738,24430,P0115,Overheating Engine
83.21380391697801,0.8527461078518748,12.95254728398878,36.988827855186905,52418,None,Normal
95.67349822290521,0.6453052550026654,13.478152972466411,42.18466738799531,120625,None,Normal
90.37483477799812,1.1656389752668004,10.144532806655157,33.267933089743934,151058,P0562,Alternator or Battery Failure
86.6800328917423,1.1207666084633574,13.61045292853911,45.76663886511427,57426,None,Normal
87.44946383419143,0.894043215502903,13.924485337618785,10.789025850734989,188399,P0299,Low Oil Pressure / Oil Leak
81.78520579256988,0.6014943158612882,14.020134840528403,39.080712692577976,113241,None,Normal
96.5574010954297,0.5463459943659612,13.159211083602832,49.75002496219497,93182,None,Normal
82.95678436275787,1.0145747202313822,13.76387471932278,45.46130849538238,74971,None,Normal
90.6185183633834,0.5922440450997324,13.331202351845086,53.08317388987497,72909,None,Normal
88.37370102110692,0.2601423426007852,13.56836395016803,54.1525056901076,39184,None,Normal
92.1596100119506,1.4942896814519986,14.123986996121367,18.658143481907437,140632,None,Low Oil Pressure / Oil Leak
93.59486756894255,0.32771348363523484,14.069528497479805,50.64056175340772,143205,None,Normal
97.3657004202744,4.2318014307622445,13.547209901011392,50.861456321402414,32929,P0300,Engine Misfire
91.07013008058506,1.1900538501042632,12.766159628949396,45.36659304727473,176087,None,Normal
90.65126404752363,0.6087834754317221,13.547216118892951,13.525263554901422,232408,None,Low Oil Pressure / Oil Leak
84.62197821896915,0.48487290196192284,13.083850933359944,51.06051795665327,110136,None,Normal
84.31773402960701,0.3419719897609939,13.161088682006117,44.007019578108256,151021,None,Normal
91.9348494524616,0.9418963269587151,14.112008220271997,43.452583940272184,64071,None,Normal
86.74172213925253,1.1507143064099161,13.89078848944167,46.97316968394073,35423,None,Normal
108.78688034413246,1.6289323811310144,14.038220355503606,32.58882148420431,26390,P0115,Overheating Engine
85.39640949617424,0.8464587416379306,14.35096944325108,51.94121653967799,9601,None,Normal
80.33099223023436,1.1825212722560388,9.406717133752831,50.35966948171904,68870,P0562,Alternator or Battery Failure
88.66419472943582,0.2191922768230567,12.993645096615564,50.2057964624427,31736,None,Normal
117.9227672636664,1.79942501422557,13.692787566980503,31.935971090522816,201199,P0115,Overheating Engine
85.8534211560445,0.9734731256866007,12.748659955364865,54.39642090157089,93488,None,Normal
96.2349235414847,1.0066935196947393,14.371230965248705,50.084965193641615,81673,None,Normal
97.57468030119986,2.8918635581970022,12.0858141256782,41.38916954975272,224923,P0300,Engine Misfire
84.98265754024351,1.1715326909010506,13.129559313495797,44.64082116224165,43239,None,Normal
80.13795258768606,0.4190688091018578,12.56977058875156,37.16051508261383,71077,None,Normal
95.51352405100559,1.5989190488605982,13.50639536053821,11.620812374773777,82579,P0299,Low Oil Pressure / Oil Leak
84.44785821218264,0.35954468011318835,14.156388776525183,39.38427974716089,195293,None,Normal
89.41503315738213,0.39201608474003674,9.55045044631271,53.45160348920328,202705,None,Alternator or Battery Failure
93.33383511957568,0.8970157409952679,13.834719759575508,42.1898230243951,62250,None,Normal
97.01584298679238,4.022250812834088,12.62745276589691,45.76926050431552,124799,P0300,Engine Misfire
82.29644545032015,0.4837759057987245,13.189856363157407,47.91834482663202,116301,None,Normal
101.09898153128296,1.5646056272015305,12.016187225175912,14.682057321825209,38256,None,Low Oil Pressure / Oil Leak
93.56703601137693,2.270477296074206,13.723703305693398,30.262830613541336,195234,None,Engine Misfire
113.27976189673728,1.0557323903173483,12.726626268504585,36.926954500536084,206379,P0115,Overheating Engine
88.88832073455903,0.7227328293819941,13.312327934881244,35.5083825348819,26038,None,Normal
86.74195196636218,0.36686020169875283,13.318005743078194,37.851882881638176,178568,None,Normal
94.52879967256789,0.32020722912057625,13.004607382621352,35.351047267332575,62195,None,Normal
82.78865560058196,0.2827368356181899,13.42062219065202,41.04839022557073,114864,None,Normal
83.78912491397617,1.0090236402916763,12.779151654809164,41.85290293045043,173608,None,Normal
90.55895233715853,0.36801420774486343,13.900060115393947,52.25594155086457,47264,None,Normal
90.9217465600425,0.800251410099583,10.9550014144337,49.24366557142718,214836,P0562,Alternator or Battery Failure
95.56378523512713,3.414878589619507,12.234766002025179,46.23890016892405,219639,None,Engine Misfire
117.34874665172526,1.0107636415611327,12.06303534067084,37.497571769376705,17543,P0115,Overheating Engine
84.57904845515324,0.5618530932051387,13.397737374512376,35.91297491004767,32304,None,Normal
84.09949524985777,1.1640288471655138,14.22796376078076,49.44286470911812,109010,None,Normal
83.51433085321686,0.5453419522448879,13.1376598631127,54.57050936778281,172024,None,Normal
110.25912161448915,1.8683113568737733,12.460566478645017,9.894175851203629,193087,None,Low Oil Pressure / Oil Leak
80.70761851713978,0.9994103989090426,13.693010740032726,36.63518063897744,175347,None,Normal
113.0801939033313,1.5837372136177241,13.792276210361976,38.35493060309665,99028,P0115,Overheating Engine
88.20182155014284,0.8201325978015368,13.027024247664151,38.762423194475225,95421,None,Normal
89.58507319548767,0.3153946421789174,13.650711989714482,37.34407811360467,70755,None,Normal
86.69900642907524,0.6320768829441961,13.33486948041946,47.25879164989051,188899,None,Normal
101.5914854268902,1.8387036409280175,12.172978764177468,12.809147657801951,84623,None,Low Oil Pressure / Oil Leak
88.10457643057202,1.1575810150838173,13.258167103520627,51.796032133288534,41765,None,Normal
90.75022398767518,3.5993722648580357,13.173311805291132,40.14113148618094,58907,None,Engine Misfire
95.65944487365833,0.3306523438234629,14.001968609122281,37.49641627933697,159871,None,Normal
91.60698687240165,0.5951309076115032,13.855093078236974,38.98430549788106,178591,None,Normal
119.93482824722182,1.2355160212932952,14.044118377865711,31.61967553925942,29887,P0115,Overheating Engine
116.50697232968552,0.6030643700205492,13.244871232689142,47.24055636264987,104170,P0115,Overheating Engine
117.87118448754774,1.4605266802729426,12.071375581303812,39.761529161810664,134765,P0115,Overheating Engine
92.50271769055914,0.9289810616558165,14.137212717195956,40.48143178684382,162378,None,Normal
97.85554826959856,4.065958010263099,14.148558802093019,39.430044561440965,204423,P0300,Engine Misfire
94.30127980083347,0.9070864772666982,12.59542942178155,36.45803670735807,83560,None,Normal
90.81069800049112,0.7156794276964977,14.246844749107392,44.9392696581166,198470,None,Normal
126.46324458682827,0.7355382627651077,13.37005748712765,26.68028237369255,84123,P0115,Overheating Engine
92.69250462027014,0.6551719917336565,13.76874512404599,51.747341595403014,38097,None,Normal
86.06412425187992,0.3821179156886993,14.000427163570711,48.17415551001752,102148,None,Normal
119.7773289271494,1.5470590559597728,14.08286373832293,32.00636827549016,191242,P0115,Overheating Engine
88.94075173641426,1.1957344520513231,10.24462947117573,53.01728501946549,82453,P0562,Alternator or Battery Failure
85.84416668402108,0.9373570773877997,13.404434445800657,42.51776570291538,81922,None,Normal
127.27350624011547,0.7302995801894132,13.588545341248327,21.208565563339953,106220,P0115,Overheating Engine
84.05838884731988,0.4487917887391771,11.46093972677263,37.45681135585307,172856,P0562,Alternator or Battery Failure
93.19528332853415,0.8159854502601791,12.857246995769291,42.107691373714786,157839,None,Normal
85.45248311899746,0.2656948589543658,12.933647190638029,39.93207269956049,99395,None,Normal
105.57906280224022,1.5704110493952073,12.456525289846734,15.18812736433873,220899,P0299,Low Oil Pressure / Oil Leak
82.73644735631567,0.26134962711066817,13.983447013530036,44.19600847538641,16341,None,Normal
91.45273765502318,0.3086825393746921,11.555018185739064,39.540412477728374,172799,P0562,Alternator or Battery Failure
84.17504773008756,0.5909059959055147,13.629505036853729,44.935337177183385,197618,None,Normal
84.90153187734865,0.21839067654746674,14.237167732464949,37.35502165780282,117420,None,Normal
91.64345044123465,4.022101886804525,13.683695858955849,53.235087096228845,67104,None,Engine Misfire
82.94342970653041,0.5910815366517608,14.341883412437047,40.16266865402255,133063,None,Normal
85.42018313972721,2.289521402290618,12.980816209619435,50.41638108004059,223604,P0300,Engine Misfire
85.8144922235737,1.0979191869576659,14.18742455897467,41.50581236723495,180687,None,Normal
82.8481299364388,0.23895784634846423,10.140346147081212,50.060044611283104,81661,P0562,Alternator or Battery Failure
89.20032450627014,0.24685190852760314,13.024722159859708,49.139529749114324,17224,None,Normal
87.19979523824944,0.7900088504180782,14.091638369067876,13.58699562270934,132670,P0299,Low Oil Pressure / Oil Leak
102.91631463120389,2.4690351654811202,13.444437945279235,52.67463796095609,58812,None,Engine Misfire
92.56691085235542,0.7360963663441205,13.088102470944023,51.27590039413897,138522,None,Normal
84.47099301755006,0.520401286140215,9.594288423853781,49.57903577309243,35724,P0562,Alternator or Battery Failure
104.54521151723057,0.6200686865447921,12.358140176253704,37.85638502380624,48856,None,Overheating Engine
80.47460554095053,0.5764633668780497,14.040051328485482,54.74552258629889,34331,None,Normal
86.53938366016035,3.943989066151893,13.80677072482026,36.11637636511783,116899,None,Engine Misfire
92.03430764101245,0.8786699566725649,13.187647982591944,46.87321582417077,6975,None,Normal
92.23618070939182,0.7973123783307119,10.14472524866586,41.83589148437554,189454,P0562,Alternator or Battery Failure
88.4378233783611,0.5012652607600003,13.636879220165742,40.944756154172346,63484,None,Normal
82.33422160803623,0.456463061016766,13.175107522100387,48.47988416291461,17200,None,Normal
85.81765277637359,0.7187906217433662,13.835736021900837,42.27259204758588,194497,None,Normal
92.69031627412534,3.1020932709817233,12.949975609237109,49.54449564821816,131359,None,Engine Misfire
90.68409683681814,0.273081562027015,13.682452202772767,54.62355673524589,42070,None,Normal
94.45018544877583,1.8925588279711878,12.1443773939912,14.994118320609646,159990,None,Low Oil Pressure / Oil Leak
99.0219517472854,3.2679020130766316,13.110202033550356,30.183826113860675,179095,P0300,Engine Misfire
107.75952802631733,1.1688299297897118,13.558883800689214,16.81872737286501,68272,P0299,Low Oil Pressure / Oil Leak
111.98021867456725,1.5706178945953648,13.805531553686913,34.32051194367204,93934,P0115,Overheating Engine
94.27137954260911,0.7775933658811576,13.705706593345578,50.95828319231788,82214,None,Normal
89.3390850282693,0.7912754357449292,13.258105137353247,36.095232776440625,70363,None,Normal
89.76852949684847,0.34092422497476266,14.024174263432675,36.491012873595416,197442,None,Normal
96.52537793958471,0.48003732955048944,14.13084918591833,40.84436460923796,182600,None,Normal
94.89568212020373,0.9336143805614021,13.961679297918547,35.22062528857295,86150,None,Normal
97.56533743032563,0.7163003483011954,13.113617298588368,50.90372389537407,57812,None,Normal
80.23570021859001,0.8635373720167105,12.838268337052527,54.2214063493891,33989,None,Normal
88.18531740140946,0.7155960285792502,13.428808502488149,48.337285150922085,32231,None,Normal
85.7989594657219,3.1419630740005324,13.81805868552122,47.537477536629154,125649,P0300,Engine Misfire
80.9834195600175,1.1730781629723328,12.929638129374377,41.083974392725615,64268,None,Normal
117.61357783148645,1.7601183559694327,12.831246270199811,21.861102908863444,91343,P0115,Overheating Engine
108.4386503164107,1.8218760225228348,12.770410353530314,10.332576580506322,189402,P0299,Low Oil Pressure / Oil Leak
89.40037868098648,0.9699935530986108,12.910059952244001,47.45780951638,21642,None,Normal
82.19668822720602,0.6951769101112701,12.565338190118915,53.186408041575646,55462,None,Normal
90.80930348780576,0.8650366745462554,12.833205429384554,53.2882389184992,86660,None,Normal
93.25599624124501,1.1343670147690148,14.258580174522875,44.016787428082644,27081,None,Normal
117.57825547748959,1.449288233084424,12.802609434457157,39.22896584296274,119890,P0115,Overheating Engine
83.00675434221709,0.3676192162883177,12.569675711173732,49.72804030131281,134441,None,Normal
89.7197368348854,0.9798453951511437,12.703263213771221,50.22055805004056,110546,None,Normal
96.55155844380889,1.193255015422964,12.58533146809167,50.220158469907844,77486,None,Normal
93.65679842114345,3.5924104300542754,13.049363463758837,39.73021546558597,224107,None,Engine Misfire
85.33354616820782,0.43360775104990995,12.579977060309087,35.35747869466827,197605,None,Normal
82.65145479702147,0.20784159077191683,13.69875140143541,43.95346850820837,31183,None,Normal
90.41096450611536,0.4741606665598059,12.650896801079075,36.71316499192861,179367,None,Normal
85.01767770346196,0.4107049638672032,14.319151236172383,35.17726570226938,199575,None,Normal
94.43252730390523,2.791452169603204,12.365606999141448,38.318236912759474,236182,P0300,Engine Misfire
94.11188023425024,0.5271216383085282,12.880725710503668,14.998769211562104,166308,None,Low Oil Pressure / Oil Leak
102.06634373333172,3.4956658735650166,13.327139929904865,35.68152633899156,145071,P0300,Engine Misfire
91.47838844412684,0.4420220799808772,13.85670017441844,36.82782972663553,43857,None,Normal
94.84258000076484,0.8843142489253448,11.477553600912803,33.56391387582789,90249,P0562,Alternator or Battery Failure
82.07557392080835,1.182739540910386,9.79993493808519,31.834101686490065,149260,P0562,Alternator or Battery Failure
87.87790390666767,0.4349734049959528,13.839254919082425,51.3425628403117,111553,None,Normal
82.95032295969234,0.437483305169384,9.919754223186887,46.06987676265773,136198,P0562,Alternator or Battery Failure
90.57984849551957,0.38447625313363937,13.188247339139348,41.690225774838645,10108,None,Normal
81.98777354139985,0.48918744629594985,13.088633063112692,39.99913892795242,105426,None,Normal
93.45399931874049,0.6738098283979466,12.609904453949605,54.15579601976408,188831,None,Normal
89.34258104233187,0.8775422674589533,13.092541330042078,50.47982756305525,155719,None,Normal
83.33239271909515,0.7419009473783582,14.158597088165177,49.644497728191226,162279,None,Normal
89.18194729179228,2.5389181381124906,12.447776722551172,49.226528328993105,117866,P0300,Engine Misfire
86.42818086740905,0.9875490858587792,12.97690262819837,46.281480576670354,74922,None,Normal
96.1740908841471,0.983198413298626,13.982714634784863,44.15991518007143,82611,None,Normal
97.77926043946569,2.411762753517014,12.95703210754849,37.3163774416852,145448,P0300,Engine Misfire
84.3786676024671,0.9486087085818324,10.35824296558765,35.4007860098268,213126,P0562,Alternator or Battery Failure
105.64685795532823,0.9613669885325202,12.908979537856982,40.27468775312221,163085,P0115,Overheating Engine
93.66916872352334,0.6497398424505401,13.975750058214844,36.307323151287704,100076,None,Normal
98.29391031493373,0.7884736591765258,13.02065977960076,11.958185870225746,231265,P0299,Low Oil Pressure / Oil Leak
91.8266098186378,0.6009269193822718,12.589593987145632,18.622082367815256,169299,None,Low Oil Pressure / Oil Leak
85.66044765194977,0.6135165302899592,9.295547454669808,36.849702486749294,210686,None,Alternator or Battery Failure
86.13919431890466,0.3134735212405891,14.25691787472927,52.54678706761962,55298,None,Normal
82.11592340270396,0.36528449014295744,12.503785056916234,49.3747923570706,147818,None,Normal
96.67488692114156,0.21911609442976404,13.406002589803853,48.75444084861121,145927,None,Normal
104.25465167722278,3.8337025056285556,12.405022911394106,32.64125863622327,206955,P0300,Engine Misfire
92.46558376766794,0.33443512940812187,13.068851617906194,42.17431050834027,161865,None,Normal
89.11763976356642,3.116450722052713,12.277442311692974,33.24642533544703,175525,None,Engine Misfire
96.53615839276512,2.5099471513854907,12.080214311816361,31.318598804055434,211857,P0300,Engine Misfire
97.14648833586132,2.430303683055275,13.489119006820667,31.602367775904387,157112,P0300,Engine Misfire
87.49707977426982,1.0221798868164234,14.115661202127802,39.23988109397316,133183,None,Normal
111.1323432806866,1.834754591132466,13.321176490054112,14.800523392123807,36125,P0299,Low Oil Pressure / Oil Leak
98.13503467477543,1.0010683226299393,12.23500618452078,11.888451604036069,238841,P0299,Low Oil Pressure / Oil Leak
96.93412136905594,0.7069204379618346,13.277882936452334,51.21757162015837,167986,None,Normal
94.33234610974463,0.47194603941844876,13.815481952676011,40.281239693874376,188118,None,Normal
89.97607725437629,0.20522961354291275,13.945882444053378,35.70622709880478,150418,None,Normal
84.22355747339816,0.5993159158093082,12.789590425327793,54.84967004316751,185765,None,Normal
90.44159902405018,0.7166983852262678,13.941674882138917,40.64992131945704,73844,None,Normal
93.27648142860005,0.43877714576830235,12.70990081494965,42.092443152815534,61011,None,Normal
91.9431134799456,1.5790822333622305,12.061867313811431,13.253213457730137,167885,P0299,Low Oil Pressure / Oil Leak
86.89649350849095,0.7189177052828375,12.589235336872605,38.32566737512159,148916,None,Normal
86.22979507768014,1.175610200859915,13.717846946956131,51.44961127268722,30842,None,Normal
83.3213783484148,0.4093493233367103,13.203896995303626,44.69045970382042,125559,None,Normal
81.84871187198827,0.5076790894779486,11.422542943563837,34.04236383184967,212824,P0562,Alternator or Battery Failure
95.74463010831559,0.7289371340272119,14.284228627174503,50.97566471547331,199597,None,Normal
90.85297177663031,1.0267073597414875,14.369625010099883,40.768108756374914,192421,None,Normal
86.58225346870468,0.42538126800676584,12.872082859855112,37.81605897785352,126370,None,Normal
80.00896908252193,0.5078191500261191,9.778796514338628,35.83918402671527,24319,P0562,Alternator or Battery Failure
108.80415442773608,1.2727883392073205,13.704235763544638,15.12144753827585,151594,P0299,Low Oil Pressure / Oil Leak
100.24424116628354,3.7384641191202412,12.422451412099958,46.667141297312824,163377,P0300,Engine Misfire
82.36680415816367,0.4747315255195195,13.249694543635528,43.43656357077663,85149,None,Normal
90.93580733422588,0.37052412368729154,12.623598026672031,53.977710745066666,193298,None,Normal
81.21231082643789,0.7821704601762733,13.157177808210617,47.41831035534954,13919,None,Normal
89.63996866783411,0.5568859751711102,13.17219940159923,51.57111195812163,158912,None,Normal
93.0041380747071,0.4807723624408558,12.546200336219762,47.909445918143355,39536,None,Normal
112.36370608448954,1.5370519423526783,12.808259603133555,22.610516549083663,140276,P0115,Overheating Engine
96.03539962969664,0.4415368417016818,13.17311552171271,37.10690968962666,48360,None,Normal
87.67556289987937,4.6785986357141685,12.159864292678545,34.97733549839814,99999,P0300,Engine Misfire
84.04288681291968,0.6524395161326935,12.76762833872162,38.527739730124466,102181,None,Normal
84.2757943557379,0.57325179162934,12.931812291799988,36.46391847536887,122672,None,Normal
82.94441453466601,0.22256451170534725,11.267995723277842,44.427927059697666,197038,P0562,Alternator or Battery Failure
91.94660842285217,0.9394692332387273,10.749282455385252,33.89433151450425,124879,P0562,Alternator or Battery Failure
95.1529179816489,0.3397723766262895,14.011007892533792,39.03254640095489,36912,None,Normal
96.19234231894222,0.5838912213732115,13.53275043611658,53.12944221929094,126726,None,Normal
90.69435287633843,0.5808908566310216,14.342837355847747,51.84237846271417,168474,None,Normal
90.2919023368698,0.7174463517550413,13.317812079609881,41.33893175582239,89746,None,Normal
80.89962251587421,1.0436496640518238,14.36426580541182,50.86285747993479,171488,None,Normal
87.54065809108187,1.1148459010681,13.188548408321603,46.61176700556087,128291,None,Normal
85.53216732155369,4.1115941470641495,13.376429808471196,44.51889997639148,190587,P0300,Engine Misfire
88.68497303145348,2.3482062076350285,13.293156588617705,51.0087044397127,24024,P0300,Engine Misfire
96.67149323177208,0.4286767796036088,13.705291008856205,39.441517413866414,67725,None,Normal
102.50293776010119,0.7585795431577493,13.919268039380592,15.631162390692415,64584,None,Low Oil Pressure / Oil Leak
85.85531241241456,0.9126213330985129,14.05188098636071,38.632279355132056,77333,None,Normal
101.7494503923755,2.823531875737135,12.428908197296987,42.62278628125348,196811,P0300,Engine Misfire
94.2667120931909,1.1078987937796194,14.29303302635842,54.202712088108946,106684,None,Normal
86.44692892459113,0.31355759219962903,13.77598907162632,45.40615401807587,155602,None,Normal
106.27434357485436,1.2877960574523333,13.868782093696618,21.349904637062732,180184,P0115,Overheating Engine
85.315426596293,0.3366009036511726,13.738115544906826,49.771949162646614,66547,None,Normal
82.13005143662097,0.6099048896962882,14.095624342707673,42.67665903866088,116515,None,Normal
93.98864448669386,0.758404249735805,13.306021817569254,53.12708770189472,26683,None,Normal
82.19394968006506,0.3811493495346803,13.794123922533467,38.62876695391254,107406,None,Normal
114.167863181463,1.1519733484552164,12.542648954771893,34.128807573042,163930,P0115,Overheating Engine
92.28304657859171,1.553598081620898,13.449583974464685,19.391253191087333,88310,None,Low Oil Pressure / Oil Leak
92.89514801524578,0.4709426983163654,12.884282942996617,41.27653616448831,52092,None,Normal
82.20744876642418,0.4979772354958438,9.415422801344377,52.77065661715788,11269,P0562,Alternator or Battery Failure
96.02949105331811,0.7935924535540486,13.79029440637453,50.783424772146766,102196,None,Normal
88.43647687630947,0.6148195023376652,13.019473436668342,36.127509933018544,173620,None,Normal
88.83972312889698,1.1271106288584274,12.70024711440483,50.28881456151009,84885,None,Normal
87.12427655176913,4.217280861621202,13.777506121839842,49.19411544285845,46212,P0300,Engine Misfire
96.52977806279732,3.089380530109644,13.78195323610364,35.95724176382729,71608,P0300,Engine Misfire
92.52112663694253,0.2032182636042787,13.677219741173698,42.10986020882715,159868,None,Normal
85.14632220630489,1.0159469389686173,14.136602993090529,51.93028677380556,184190,None,Normal
87.68794019527262,1.0180147659224932,14.135388108187053,35.13904261062381,104595,None,Normal
96.10043651300325,0.8514875984757901,12.043233262043065,18.293930568071957,242434,P0299,Low Oil Pressure / Oil Leak
92.02255997846528,0.8346712732539414,12.815314301061992,52.63855516609288,88360,None,Normal
120.06331148844303,1.247966925067828,12.943937212465865,28.277680831416404,187930,P0115,Overheating Engine
95.67041165082813,0.4387962113815393,13.357354753943877,54.6997931228175,155542,None,Normal
82.71337852068348,0.999157971104782,10.002062514015464,48.27175864440401,98202,P0562,Alternator or Battery Failure
97.24281417902186,0.72965972394562,12.95959725881449,45.01207142309415,137525,None,Normal
86.03374485267571,0.3737615931357438,13.852826638628484,51.51956425416164,24624,None,Normal
98.85840458449577,4.767158028011719,12.49535425327505,46.557947838489554,160226,None,Engine Misfire
86.45803731369556,0.3191406719960482,10.429742769757055,38.72079768646575,88713,P0562,Alternator or Battery Failure
82.50840933331084,1.0349302367992992,14.370364143336749,45.51380364605372,38477,None,Normal
100.55455820135586,4.431639641085031,13.858700987903118,38.991889030576694,178063,P0300,Engine Misfire
86.89185478447212,0.584938336066337,12.264831928912175,15.307685836144216,234327,P0299,Low Oil Pressure / Oil Leak
85.69080988958152,0.7072348086883924,12.578988432195745,37.966864019241775,197392,None,Normal
93.32287024491956,0.3992196858370765,9.88204230970815,37.22421312302646,89181,P0562,Alternator or Battery Failure
80.16554692909934,0.3014715428660321,13.760653361305307,35.10123167692437,36357,None,Normal
90.20629269776002,0.9384492092513266,14.169179566472561,43.08280643302066,68771,None,Normal
95.26475761282671,0.9288614422699468,12.6812586268951,43.574040419728675,10688,None,Normal
90.67112324914598,0.55492466087701,12.598779768757645,35.63487530745977,87550,None,Normal
89.38779876303133,1.939618582192954,13.87347908003792,18.137896229650032,119490,None,Low Oil Pressure / Oil Leak
89.55920081290995,1.1910091874824897,12.675593035392547,9.851592502711942,101091,None,Low Oil Pressure / Oil Leak
89.3833288577745,1.1760138232792137,12.738545408049042,35.33895329779162,155180,None,Normal
86.5100114534621,0.7132720645810274,12.116216966598925,15.758411949823758,41992,None,Low Oil Pressure / Oil Leak
97.72714158132203,1.038898086445934,12.736859094286206,53.416837652347446,174629,None,Normal
90.63148101190347,0.8610142542473203,12.649066051002535,45.8899391820773,143317,None,Normal
84.96381622852442,1.077090581018189,14.293679978268257,37.97591938810231,95221,None,Normal
101.72757154820799,4.733542207660036,14.146324222144635,31.631918939161597,209023,P0300,Engine Misfire
119.46653387349417,1.7110213886023253,13.80615823805811,36.99815776716389,162831,None,Overheating Engine
93.79125883545797,3.5271963415007477,12.569343298401952,37.9114282718604,40002,P0300,Engine Misfire
85.48422450376474,0.2809192830512522,13.265662339653806,38.47049029973017,140515,None,Normal
98.82234302841205,1.2905114368723005,13.235507916966826,11.208137063062107,73491,P0299,Low Oil Pressure / Oil Leak
80.34789735651682,0.32436839900051023,13.285921082345407,44.85729168894893,83836,None,Normal
96.88948673207268,1.071204482263052,13.955523075417075,50.76894686506597,134672,None,Normal
91.91031719119742,0.6839893681797471,12.510095603769857,51.089892848636445,155697,None,Normal
90.14030823001994,1.0500828628906986,12.232771054684331,15.78206597093044,56701,None,Low Oil Pressure / Oil Leak
96.16342367780882,3.10220607207172,14.052308918278593,53.0661284900893,135545,P0300,Engine Misfire
92.53319796580652,0.5398749637680662,13.877056865904647,36.30712681597885,66481,None,Normal
94.44654223243663,0.7720486433693008,13.474068679317192,40.869776464162435,186691,None,Normal
89.54238763592929,0.7849021154915301,13.013566776966206,12.36279862111941,84441,None,Low Oil Pressure / Oil Leak
92.48917659989196,1.004165564983884,11.27941564049528,31.490433133616477,155330,P0562,Alternator or Battery Failure
82.48249661995483,0.9066041289942177,10.484834643347975,45.88308366770802,51262,P0562,Alternator or Battery Failure
95.68629062337892,1.0036720768991145,12.854483111883468,52.85117996979956,110171,None,Normal
86.40464138579506,0.6704690580450792,12.008620424892404,19.494606810596732,206500,None,Low Oil Pressure / Oil Leak
93.92983380314281,0.8019234310151315,14.195794250914208,43.867600287583755,123382,None,Normal
96.7570765191256,0.8895267510315612,13.78537543297677,39.31350304795434,133482,None,Normal
106.95483412100658,1.3826468606801785,12.463678818745793,11.867204758538328,168166,None,Low Oil Pressure / Oil Leak
112.92480405518685,0.7032120619215191,13.623492084274702,30.814235154246617,166035,P0115,Overheating Engine
90.13184068004638,0.5960009663856152,9.519223517377588,33.96841908435774,209347,None,Alternator or Battery Failure
83.64465008297427,1.1580734801193802,13.19908742747396,41.53863232676158,34033,None,Normal
97.37213653584882,0.20493998093440963,14.308442392304155,47.78239875631001,174244,None,Normal
89.9606814154959,0.70313247255154,12.868339829080096,52.17633542336309,137003,None,Normal
96.11941811293161,0.5892016787341632,12.520591537812567,53.10763952838528,22800,None,Normal
87.39972084681271,0.5473433262588427,14.209683356805819,35.43646793550979,134438,None,Normal
119.0376120314063,0.8377765793223892,13.949389439389735,46.8706983279985,81889,P0115,Overheating Engine
98.45111107769743,0.9942956206609951,12.969326850930184,18.06950129869388,180525,None,Low Oil Pressure / Oil Leak
90.57561359530389,0.941977729513986,10.82653577888317,36.307868403378826,193339,P0562,Alternator or Battery Failure
99.89623404453911,1.034838381765333,12.984066063755721,19.155179182347666,113016,P0299,Low Oil Pressure / Oil Leak
92.61744436626415,0.27276300636419354,14.061534112651676,49.124844543129925,20863,None,Normal
108.58542513462079,0.8547123683580418,12.46531484841989,16.860354004260657,100403,None,Low Oil Pressure / Oil Leak
91.44972883537176,1.1132869475762368,13.663889589855156,52.4739718693269,146174,None,Normal
90.29146498694757,1.9156495733180217,14.14827725452535,13.262593293304219,233122,None,Low Oil Pressure / Oil Leak
95.78960973463595,0.5924451074226353,14.051538934995996,43.78269817140437,78504,None,Normal
95.7261880553541,1.1840834691992952,13.959719486342586,43.35533564334668,87164,None,Normal
86.91347507309872,1.0287089838180064,11.190950517639319,47.734720545609655,32134,None,Alternator or Battery Failure
84.63692996600699,0.2595247003477717,13.647211360603837,48.731798269852135,27325,None,Normal
118.7455163608677,1.0241738231389697,13.655275341068332,35.93882055052796,167423,P0115,Overheating Engine
89.76026969885326,0.790347690458773,13.465885039140932,40.95096902637641,115179,None,Normal
83.18869621005295,0.8926259522261646,14.09241905033141,53.892284389480466,138233,None,Normal
89.88607996471016,0.9145959227000624,13.75437501576369,40.598677938918854,191198,None,Normal
80.4354517500444,1.0316970436757735,13.018834538948344,45.36157532477631,63251,None,Normal
86.40974106616123,1.1865152487929798,13.650972156778085,39.74453583471989,24847,None,Normal
117.83653456761809,0.5211164761722898,13.603311719791424,29.705912374564747,164637,P0115,Overheating Engine
86.73057884623064,1.1444485826943034,13.71929535486726,48.42958297334414,128295,None,Normal
85.43752976797269,1.0239976518799783,9.689810386773823,41.72601868795385,178197,P0562,Alternator or Battery Failure
97.40959829678901,1.4427558501253517,13.225954033300503,16.926359896816905,91548,None,Low Oil Pressure / Oil Leak
100.27799826008814,1.8751340046781202,13.76179981969145,14.011300697978413,188113,None,Low Oil Pressure / Oil Leak
89.87720820859855,0.8918951976926932,13.738726393054941,39.4853861892112,143874,None,Normal
85.76801754652689,3.157450279227346,14.153870049741668,40.51841406421542,135447,None,Engine Misfire
88.07201939560976,0.49321077169806454,13.124462636202841,48.45036912154077,151713,None,Normal
91.01912451065803,0.2239462652704835,10.603586747133898,53.53685593765164,46625,P0562,Alternator or Battery Failure
111.58354920215506,1.4996109570423783,12.627888950619528,15.358083942152444,54086,None,Low Oil Pressure / Oil Leak
95.57532366036043,0.35727320817971536,13.088596932497289,40.80091063924874,174925,None,Normal
93.25763411002626,1.082993824829773,12.885002004857153,46.75171742218804,141722,None,Normal
84.54033836312051,0.9550419287462784,13.375025044820866,51.83997105780123,147055,None,Normal
110.21889076052726,1.6495269208360854,13.447489804650102,17.738963816246642,172454,None,Low Oil Pressure / Oil Leak
110.58425841074916,1.6502733467266597,12.5902318409411,15.408045335179159,188718,None,Low Oil Pressure / Oil Leak
90.78077169893304,0.31060359887316086,9.285416553935542,54.85825756714287,58872,P0562,Alternator or Battery Failure
89.05645265444159,1.0564898411883223,13.751517900075996,38.258688541628594,18760,None,Normal
97.59154234384707,0.9573102071344388,12.807175728850227,44.5380021293594,145074,None,Normal
103.29669899993756,2.7504573675847244,12.317328046459828,48.97442079635077,135142,None,Engine Misfire
118.17838202208942,1.0053442522395106,12.528658071590806,22.848958256851294,85856,P0115,Overheating Engine
85.70171018721548,1.057179256998753,14.221672184054956,40.53808974755618,196786,None,Normal
90.02173207425074,0.7716126894698998,13.03196027795454,50.38985866383874,41473,None,Normal
86.01289938203784,0.9326990505902804,13.268602032590353,36.36706400619917,157833,None,Normal
91.10210494134574,0.942881493667939,13.902043047372649,45.428980483337604,18349,None,Normal
81.66725869492461,0.9483843496762314,14.237642461312262,43.68041945417518,55448,None,Normal
109.88097952592521,1.4222705240241673,12.597282405593965,47.127298742226955,99312,P0115,Overheating Engine
102.0170551464419,2.9439511103916174,13.408984002785155,37.854051595924304,240333,P0300,Engine Misfire
105.87865445988002,1.648255681854091,12.912616442146973,31.618232342745237,163430,P0115,Overheating Engine
89.02729330436959,0.9982951789667751,13.734931468477754,49.03933754515407,160179,None,Normal
104.27686459234883,1.88698791437337,13.137690162423404,10.670644129818626,146199,P0299,Low Oil Pressure / Oil Leak
88.91884369171157,0.8884023964277361,13.326171943347118,39.92804066478214,164724,None,Normal
93.62152710239543,0.7193858595039373,12.889274420886354,52.556601563040815,176518,None,Normal
111.56827313569768,0.67494914723534,12.207721574853059,44.94554999336671,221639,P0115,Overheating Engine
113.78254265852536,0.9927526309979455,14.013133611537889,27.53507802645204,204947,P0115,Overheating Engine
95.60656693020408,0.7786754085723935,13.333369296460223,49.50515320830273,99900,None,Normal
95.81533975439284,0.9974260216069282,13.751058485851008,52.011634581884834,174122,None,Normal
81.67383151681638,0.7882022669483906,13.413848490783636,47.84651051810455,17646,None,Normal
83.80217296651276,1.062996831358872,14.183577527095096,38.93307169905918,148798,None,Normal
88.05342260282218,0.7326172664550232,12.960693956905986,40.38486461898762,78570,None,Normal
85.51634242477077,1.0223812111853543,12.608259581295,43.3721454983666,94394,None,Normal
87.8502775244357,0.4944657595419177,14.302061283228099,50.27211588319521,32322,None,Normal
87.62728856567773,0.8675498992914705,12.68151709628587,47.47718649353146,93094,None,Normal
86.98698271028591,0.874130295536063,12.993819460561383,41.90384416988421,183909,None,Normal
104.33116878761088,4.656239192348452,12.736732238301366,44.27134840696904,229206,P0300,Engine Misfire
91.70586235424486,0.39954245092914514,13.792433660619453,36.443968179583514,10977,None,Normal
107.07547784537215,0.8039566830209833,12.05215705801794,45.04841617083211,234305,P0115,Overheating Engine
86.68641072723878,0.3951665172186504,13.429845821072519,49.832829036720845,101050,None,Normal
94.13341177667135,1.1913279015642206,13.5345164323205,54.25536700506412,19742,None,Normal
87.17881005614421,0.7801723692273324,13.513844838781068,47.15810185586889,154152,None,Normal
110.04040105264079,1.7523684165798494,12.022625891058523,41.481499197264334,173905,P0115,Overheating Engine
96.05629751436697,4.125725310773228,13.06703957255289,32.13507575406804,243666,P0300,Engine Misfire
84.84188127983175,0.9975591006371882,13.08968772195479,44.10440298163603,7266,None,Normal
91.02537779284735,0.8101079220362346,10.371626420745953,33.32955314168809,64879,P0562,Alternator or Battery Failure
82.81074675259143,0.9159722288473975,13.751955489629287,35.54191985006967,48284,None,Normal
85.30008005725254,0.5850977286019252,14.117159675882029,41.33844010312555,38051,None,Normal
88.99039587563249,0.9286562842366026,9.956872983838682,39.82867823735038,59754,P0562,Alternator or Battery Failure
81.37132987725707,0.8256819122613526,10.52127603343094,40.18413810532081,119489,None,Alternator or Battery Failure
90.20096080504868,3.2011509448693003,14.074562124956497,45.2594014945423,212043,P0300,Engine Misfire
97.62388888427279,0.8341421382957368,12.739903008972556,48.523551241508684,68395,None,Normal
89.31084301594896,0.6401989979554905,12.78015980074194,41.56385507218623,89633,None,Normal
83.45361184493737,0.5233715621155208,12.930647164231278,42.09992611663875,18537,None,Normal
82.75146450531798,0.44595772838450815,12.805294609193156,38.731340481026116,60593,None,Normal
105.07052818039034,1.5849954559909447,12.299323715749614,17.86078900795281,64052,P0299,Low Oil Pressure / Oil Leak
107.11013822697197,0.6515579969224057,13.202730500558687,47.0723909985831,92390,P0115,Overheating Engine
95.635217023201,0.9765968527917417,13.964751504823699,51.89566456233776,153399,None,Normal
81.99137126519373,1.0464522917345183,12.742228458430766,42.945745811207345,160472,None,Normal
85.21552615244782,0.36122128725400443,14.26642553945089,51.16240759128834,128513,None,Normal
91.17822114036252,0.43222469090134313,10.172780865552687,36.72903927479073,51712,P0562,Alternator or Battery Failure
81.37230592352417,0.474703815047892,14.033234432679588,44.193297408053226,111582,None,Normal
92.33596641292537,2.4586861390697083,13.686511078366513,54.156857443704645,243117,None,Engine Misfire
87.69991640724552,0.5843266471596817,13.791329837116834,39.365077757301286,190242,None,Normal
85.67732412346423,0.8881347060865421,13.331445935705245,40.09341244092102,168969,None,Normal
91.36353595565579,0.7916971623063256,13.835004168862481,39.74866936749613,104910,None,Normal
84.97425273661752,0.7005793174308312,10.749740104042528,42.76426021821259,35190,P0562,Alternator or Battery Failure
91.88544895462408,0.9643726622217359,13.003588213817508,35.41889922061826,21023,None,Normal
91.85810060079291,0.8922765645178525,14.113471737974107,39.99336017718372,100437,None,Normal
110.93874250643971,1.6025420055203192,14.083755218380544,46.54565353088013,181290,P0115,Overheating Engine
83.98176995275284,1.187668007996647,14.293712745404566,35.788536227370116,142587,None,Normal
90.67798826193291,1.0923024981396523,12.852127341104557,36.57938324381657,51704,None,Normal
96.02009615271619,0.5379951568515358,13.213607610015893,36.87963879681738,117764,None,Normal
84.15934633858528,0.8718927435987285,12.537450021733292,37.082171639691474,160983,None,Normal
120.44581963762926,1.6703433445626916,13.742820628563686,40.290832036181726,167917,None,Overheating Engine
98.064686143235,1.846298489783126,13.997074736030392,10.374168078710838,236028,None,Low Oil Pressure / Oil Leak
91.12349162700244,0.7466772648973117,11.322748946232222,43.84983138757828,122257,P0562,Alternator or Battery Failure
94.80360272602901,1.0575623376612837,14.241606948098294,43.619704410265925,67179,None,Normal
96.5937362304161,0.2884925020519195,12.872367438596376,35.90454577821076,68439,None,Normal
87.14627074226945,0.2870927667957715,13.672426380623822,37.27676786953203,72318,None,Normal
86.03502290140932,0.26701653775121,14.353151953610235,51.339478145436736,171246,None,Normal
99.34523751731513,3.713382340922981,13.75517029895036,51.60915666139933,125084,P0300,Engine Misfire
106.99487651269976,1.9042445623264947,13.129739306831894,19.002792236114068,147851,P0299,Low Oil Pressure / Oil Leak
112.98796961467337,0.9248331176151106,12.023784383997432,44.79653222574393,195220,P0115,Overheating Engine
92.39993543690163,1.0733229158608077,13.70895357256057,50.22243074086316,36213,None,Normal
88.24941154751582,0.684696287130047,12.814971626310223,53.913962940005646,170745,None,Normal
84.7758704759984,0.801553879299824,13.063463833191268,49.288483281424845,153006,None,Normal
103.76159215772401,0.765782884203555,12.74890542345137,35.3174227237868,153404,None,Overheating Engine
89.58660978592854,0.2518235368224269,13.13954812856845,37.68829353877948,17358,None,Normal
92.67343582578603,0.41296416150891074,12.759105803614862,35.290893313357635,73364,None,Normal
84.35558834570682,1.1606269755131997,12.874158838461515,54.028596207236646,198989,None,Normal
89.71919467285088,1.4720454770828213,12.539999817585647,16.675613826485357,200900,None,Low Oil Pressure / Oil Leak
88.17879202207929,1.044357082739616,12.686356903490065,44.76482274043556,34259,None,Normal
97.48511169274951,0.3809769527094898,14.1233316774022,44.84555712896069,53210,None,Normal
90.43970817370636,0.7614845879595238,13.565254179390724,47.06975333192909,136911,None,Normal
93.95623070725644,0.4714093804467144,13.4437213033541,40.68548185855033,31096,None,Normal
81.12091590587394,0.7125026487703316,14.032166872742396,44.18479755193916,15131,None,Normal
91.68780184238386,1.1362806214689267,12.62161205855638,51.49486474694015,62014,None,Normal
100.09654916724662,3.004602698760074,12.985537644040818,40.13679190826046,246340,P0300,Engine Misfire
88.32823614205292,0.5013778741641421,13.920457822334878,45.054407801849585,50281,None,Normal
82.4505013759763,0.38445905105988337,9.685505477979689,39.66767642609945,20741,P0562,Alternator or Battery Failure
81.3703554708254,1.0512069140487688,13.44077840132655,44.61173154653296,120519,None,Normal
103.20392248289393,3.195366826397932,13.387397648962777,40.75356830242066,120685,P0300,Engine Misfire
87.65888002006535,0.545934992546963,13.204973649670745,54.752991274721154,12821,None,Normal
92.73029541764117,0.35253904291426136,13.594947884316944,47.13430092765712,87705,None,Normal
86.90909989480963,0.656236508955542,13.201200741345742,37.42050000970386,86694,None,Normal
93.53144586312513,1.0030020719578372,13.484215326168787,37.8064903638703,135875,None,Normal
92.10865389576017,0.9966813971913724,12.975889007705748,47.49748199213998,116490,None,Normal
88.69725553964604,1.0382304210818005,13.186667180227655,52.19589349623291,84326,None,Normal
88.86185864002127,0.7772790292331313,14.144596576686649,54.614786871668585,84478,None,Normal
99.08062905183314,2.7653776237648136,12.80669353534656,39.77293567102906,244585,None,Engine Misfire
85.31522889286298,0.43238432305604785,13.033908547926556,51.06965486593769,186199,None,Normal
97.40663495461064,0.2516687216579611,13.459111636778603,49.369078946451,173214,None,Normal
88.1232940345266,0.3834421964034345,14.124450637166802,52.65119753544695,95930,None,Normal
124.24898326258014,0.7551194317180153,12.27620953777665,48.904398424229825,39310,P0115,Overheating Engine
81.16784779413155,1.1554481914380674,9.792706800780541,51.49113363381517,45450,None,Alternator or Battery Failure
86.37507812844974,3.6292648634246087,12.917761413746545,51.943735121565624,66918,None,Engine Misfire
85.33936660205961,0.3485067816436808,10.631520980992505,50.359598016727034,90245,P0562,Alternator or Battery Failure
103.10963778695023,0.9041591694554825,12.610550170785263,18.83413127023455,189177,None,Low Oil Pressure / Oil Leak
84.71070230724631,0.44697879907199983,14.22188370298997,39.99092399699012,58030,None,Normal
91.74124967465491,1.0456043629899068,13.815736370671528,43.59862154780296,136228,None,Normal
119.84597245675012,1.6009533917576386,12.713524630173339,40.29451248561813,148704,P0115,Overheating Engine
85.90819590221011,0.653989911199699,13.94864922148225,37.520040557279884,43301,None,Normal
97.1910892067298,1.0211982825502266,12.502973699863798,47.728027403668136,14971,None,Normal
101.42942505552381,3.1205678621232447,13.442805688120263,43.43189184170095,175738,P0300,Engine Misfire
81.22710156893888,0.225811906949487,12.756815949394163,54.26230223178348,112158,None,Normal
91.7031897280345,0.7638929210554024,9.826789838026064,47.37382798357619,129152,P0562,Alternator or Battery Failure
94.30240901660342,0.23467026672648333,13.60733298665863,54.9087503238262,171860,None,Normal
86.13087499846326,0.271711888847651,13.27829490030094,41.22434990126787,137038,None,Normal
85.82622625527638,0.6254364386164168,13.464459719500464,39.84819464830161,27393,None,Normal
88.86725187723546,0.21135364476741908,13.39045521978884,36.126065513636746,28169,None,Normal
100.32490945520757,2.990646053525338,13.785579431778677,37.34791901262334,122655,P0300,Engine Misfire
86.4809083862176,1.1567998154842862,13.450762176849382,43.65458272039409,94251,None,Normal
94.49162573292193,1.0229838050417674,14.272149965452247,45.88507932227395,44054,None,Normal
81.49037602265227,0.8031521094663883,12.96616330839451,42.78591228083953,61295,None,Normal
81.87604645055026,0.5845113276448126,13.426567430380402,48.04448519090945,190353,None,Normal
122.13408409645102,0.8289342431963291,13.904237242978848,23.085277764724303,43339,None,Overheating Engine
94.4513620747642,0.20463202300460287,13.133648426213174,42.96337387181887,109792,None,Normal
92.05076519356743,1.1941393612211675,13.75749446071382,46.1556683474005,147476,None,Normal
82.70304201470675,0.9374337687214855,13.473221649544081,48.604555584167066,13126,None,Normal
92.15241634939554,0.6296733633551479,10.999663835091845,52.8260366722464,130145,P0562,Alternator or Battery Failure
92.42008803477198,0.4009336886590565,13.518072600498854,36.93352899293439,92822,None,Normal
92.71933765781677,0.8100074170794858,13.094524049005932,40.421925075281315,121545,None,Normal
95.60186638110801,0.48247874397702667,14.305872424093062,46.63244585978387,90139,None,Normal
95.76726204202046,4.574397184326103,12.85354005967535,50.73914578570921,50750,None,Engine Misfire
85.64975894100446,0.738022705363903,14.09620534903448,54.78902261930113,178456,None,Normal
94.79571735976481,3.5745071703721165,12.73577355965983,42.98281731605758,65437,None,Engine Misfire
95.2249906006913,1.7647172975446181,13.417268635177159,16.007243843338003,220700,None,Low Oil Pressure / Oil Leak
90.5149246342827,1.440203945097266,12.789233523194355,19.45645176674349,135640,P0299,Low Oil Pressure / Oil Leak
111.09795079602955,1.1783226501525772,12.314128400669347,13.394346800776733,239374,P0299,Low Oil Pressure / Oil Leak
82.49344043077488,1.1164891511155142,9.98681167724008,39.3020563740724,169562,P0562,Alternator or Battery Failure
110.3983007359154,1.3629718173085426,14.12366599198688,21.512503208066278,215336,P0115,Overheating Engine
93.12212902473777,0.9712703466859458,12.640684838294773,42.169314570885454,27594,None,Normal
89.87990604704945,4.713508991591281,14.107903863569891,36.19079107678597,100051,None,Engine Misfire
82.65096014393764,1.1730767979122982,13.9426557631451,54.35522930539124,90749,None,Normal
97.324051308958,0.45178229582536417,13.444772161195532,41.017566196335395,60543,None,Normal
84.72075279739686,0.7950779307002549,12.597709045620075,44.927324944024726,121384,None,Normal
81.81400402479368,0.21822182565154974,12.679441625436263,48.66013546832714,18881,None,Normal
91.38881381747481,0.9038570916343311,12.508290212335588,38.33906177494397,144043,None,Normal
91.13438347230421,0.36781459564602864,9.488872582903966,31.69011873680958,162046,None,Alternator or Battery Failure
106.2769490385256,0.945821170767644,12.29837855521609,10.956286467054234,183434,None,Low Oil Pressure / Oil Leak
102.3906734362996,2.6697096074093882,14.084909589541414,35.46929271027199,95030,None,Engine Misfire
110.71112839240105,1.299582935142067,13.389397633087553,14.929404444893278,58463,P0299,Low Oil Pressure / Oil Leak
97.90759370905582,0.25778056099636665,13.820566934831252,54.67357850526827,51640,None,Normal
94.84425738665269,0.547809207902193,13.788230689862221,46.31463927991582,57070,None,Normal
86.8493187776581,0.363035336931591,13.99379073929601,49.68887864151183,79949,None,Normal
83.67769490118147,0.7078050639587792,13.296616156215443,35.3624808209146,159587,None,Normal
97.58240591319186,0.3107205933263157,13.302842013792695,35.84049350342811,149281,None,Normal
93.37747757716886,0.24814283597835346,14.215500490864777,52.045277487823626,135221,None,Normal
92.19615851316108,0.21658782892785616,13.472976810768634,39.52991550395876,130808,None,Normal
88.12724283289751,4.1546752253260255,13.25019095579129,36.86664674469763,129120,P0300,Engine Misfire
97.45252329976205,0.9751328233611145,14.285047988971959,52.89654700855297,121590,None,Normal
83.72809731391139,0.5169426217672815,11.141183176380041,51.887216259897414,73517,None,Alternator or Battery Failure
97.28372488638023,2.815185435039519,13.063695787234968,40.728737298958045,37226,P0300,Engine Misfire
95.9974654376416,1.1556514982297534,14.138042472804356,51.19032149449756,132772,None,Normal
93.61093992011443,0.547571524238982,13.763332276525714,50.90899921579458,185799,None,Normal
86.74767043142667,0.48571208628186074,14.150338343559975,39.47191677038905,192828,None,Normal
85.14364984266871,0.6327668795992627,13.802343378121613,41.64912314297424,16034,None,Normal
94.72340643414312,1.032134177957742,13.464188694145589,35.127717434336674,60972,None,Normal
85.54032497025342,1.1137884438732593,14.310348532304761,41.53485084060082,74112,None,Normal
84.81666818110348,1.0354802257421944,12.527917438444412,42.58188097343872,70782,None,Normal
97.12526015971983,0.8016118201463311,14.056458832910902,52.68412926696816,49475,None,Normal
85.17337273638043,0.5677859877561529,12.610374708952664,37.23024424642553,105593,None,Normal
87.08955930177486,0.8512329770414921,12.702526757585183,48.15690609206072,199885,None,Normal
119.99243042083363,0.573684561815586,12.076279949297346,31.75731688831727,171861,P0115,Overheating Engine
96.92825451835246,1.1539285770025873,14.238242341418852,42.40317400510889,8014,None,Normal
106.13413320478745,1.906221758598657,13.522240199186502,11.058515365514435,83557,None,Low Oil Pressure / Oil Leak
116.60862219085803,0.8038630296477676,13.4031031120603,44.60202506166948,24355,P0115,Overheating Engine
83.2099201804747,0.48328440349257734,10.160750806815185,50.29665310025949,12911,P0562,Alternator or Battery Failure
123.71632265295723,1.518510428064048,12.60955234936948,48.226405086776126,42977,None,Overheating Engine
89.5032580499592,1.6961308309124965,13.58424493373288,10.361357715490364,132038,P0299,Low Oil Pressure / Oil Leak
96.93222641207613,0.45929675886577376,13.316347944203978,52.45460500969204,169177,None,Normal
86.15429500589883,0.7276774662216949,12.902108207282737,54.91262218997767,196317,None,Normal
87.40144732390254,0.33008066982894696,12.542609189407905,42.20853654282972,157828,None,Normal
91.43261880772467,1.0118067183508863,10.02043770060142,40.8423582830095,188179,P0562,Alternator or Battery Failure
83.01242658026206,0.7003594462155607,13.812679555446564,48.942716117836184,131484,None,Normal
86.91100400362511,1.1888405413036631,10.359756982101043,54.672398634707434,168459,P0562,Alternator or Battery Failure
104.26432759560572,1.0539576093379002,13.831199787254189,44.16946416090026,65471,P0115,Overheating Engine
95.67744422742955,0.9140869321324279,14.023283357832605,41.78900385085612,163890,None,Normal
94.63374329688969,0.9181230762264945,14.315495022314376,35.36465165352723,43176,None,Normal
85.74764547662747,1.150061967050805,14.306153579181357,46.46875776246572,128208,None,Normal
85.14410399946567,0.4032230910860873,13.947416563617626,42.730810136460555,104698,None,Normal
83.7419525926285,0.22653220387381973,12.844727326670615,46.66083121939384,87177,None,Normal
92.62105750862467,0.9270567616153902,13.567938309364886,53.94181334217038,101770,None,Normal
95.84142357610625,0.8508773690471942,13.512619794447538,41.48667506230751,69935,None,Normal
